contig_10083	bin.0000
contig_10086	bin.0000
contig_12473	bin.0000
contig_12474	bin.0000
contig_12732	bin.0000
contig_12914	bin.0000
contig_13458	bin.0000
contig_13459	bin.0000
contig_13476	bin.0000
contig_13502	bin.0000
contig_13813	bin.0000
contig_13815	bin.0000
contig_1391	bin.0000
contig_13963	bin.0000
contig_14105	bin.0000
contig_1689	bin.0000
contig_2010	bin.0000
contig_3159	bin.0000
contig_3258	bin.0000
contig_5141	bin.0000
contig_5212	bin.0000
contig_6135	bin.0000
contig_6381	bin.0000
contig_6665	bin.0000
contig_833	bin.0000
contig_8484	bin.0000
contig_8495	bin.0000
contig_8498	bin.0000
contig_8782	bin.0000
contig_10051	bin.0001
contig_10322	bin.0001
contig_11706	bin.0001
contig_11899	bin.0001
contig_8411	bin.0001
contig_8663	bin.0001
contig_12026	bin.0002
contig_12299	bin.0002
contig_12976	bin.0002
contig_3027	bin.0002
contig_3592	bin.0002
contig_8211	bin.0002
contig_10195	bin.0003
contig_11028	bin.0003
contig_11087	bin.0003
contig_11279	bin.0003
contig_11336	bin.0003
contig_11342	bin.0003
contig_11376	bin.0003
contig_11511	bin.0003
contig_11569	bin.0003
contig_11752	bin.0003
contig_12358	bin.0003
contig_12656	bin.0003
contig_13110	bin.0003
contig_13120	bin.0003
contig_13172	bin.0003
contig_13210	bin.0003
contig_13348	bin.0003
contig_13430	bin.0003
contig_13708	bin.0003
contig_13802	bin.0003
contig_13837	bin.0003
contig_14011	bin.0003
contig_14078	bin.0003
contig_14254	bin.0003
contig_2007	bin.0003
contig_3767	bin.0003
contig_5287	bin.0003
contig_6535	bin.0003
contig_7161	bin.0003
contig_7162	bin.0003
contig_7202	bin.0003
contig_7317	bin.0003
contig_8065	bin.0003
contig_8169	bin.0003
contig_8807	bin.0003
contig_9366	bin.0003
contig_9879	bin.0003
contig_9880	bin.0003
contig_10787	bin.0004
contig_10793	bin.0004
contig_10911	bin.0004
contig_10931	bin.0004
contig_11496	bin.0004
contig_11608	bin.0004
contig_11678	bin.0004
contig_11889	bin.0004
contig_11893	bin.0004
contig_11927	bin.0004
contig_12055	bin.0004
contig_12347	bin.0004
contig_12729	bin.0004
contig_13478	bin.0004
contig_1476	bin.0004
contig_3613	bin.0004
contig_7159	bin.0004
contig_770	bin.0004
contig_7969	bin.0004
contig_8537	bin.0004
contig_8689	bin.0004
contig_9222	bin.0004
contig_9504	bin.0004
contig_9764	bin.0004
contig_10494	bin.0005
contig_11184	bin.0005
contig_11397	bin.0005
contig_11493	bin.0005
contig_11506	bin.0005
contig_11607	bin.0005
contig_12102	bin.0005
contig_12121	bin.0005
contig_12322	bin.0005
contig_13660	bin.0005
contig_13766	bin.0005
contig_13843	bin.0005
contig_13936	bin.0005
contig_14232	bin.0005
contig_14248	bin.0005
contig_2626	bin.0005
contig_6219	bin.0005
contig_9272	bin.0005
contig_9273	bin.0005
contig_9794	bin.0005
contig_9984	bin.0005
contig_10288	bin.0006
contig_10635	bin.0006
contig_10651	bin.0006
contig_1085	bin.0006
contig_10880	bin.0006
contig_10881	bin.0006
contig_11352	bin.0006
contig_11389	bin.0006
contig_12317	bin.0006
contig_12367	bin.0006
contig_12368	bin.0006
contig_12470	bin.0006
contig_12581	bin.0006
contig_12816	bin.0006
contig_12818	bin.0006
contig_12894	bin.0006
contig_12968	bin.0006
contig_12969	bin.0006
contig_13025	bin.0006
contig_13148	bin.0006
contig_13149	bin.0006
contig_13477	bin.0006
contig_14059	bin.0006
contig_14148	bin.0006
contig_14199	bin.0006
contig_14265	bin.0006
contig_1618	bin.0006
contig_1620	bin.0006
contig_1999	bin.0006
contig_2015	bin.0006
contig_2868	bin.0006
contig_2897	bin.0006
contig_3619	bin.0006
contig_4978	bin.0006
contig_5098	bin.0006
contig_6514	bin.0006
contig_6856	bin.0006
contig_7174	bin.0006
contig_7921	bin.0006
contig_8228	bin.0006
contig_8243	bin.0006
contig_8918	bin.0006
contig_9052	bin.0006
contig_9140	bin.0006
contig_934	bin.0006
contig_10692	bin.0007
contig_10731	bin.0007
contig_10791	bin.0007
contig_11351	bin.0007
contig_11371	bin.0007
contig_11372	bin.0007
contig_11517	bin.0007
contig_12092	bin.0007
contig_13592	bin.0007
contig_13904	bin.0007
contig_13997	bin.0007
contig_14019	bin.0007
contig_14126	bin.0007
contig_14210	bin.0007
contig_14231	bin.0007
contig_7820	bin.0007
contig_8070	bin.0007
contig_8335	bin.0007
contig_10948	bin.0008
contig_10950	bin.0008
contig_11666	bin.0008
contig_11870	bin.0008
contig_12922	bin.0008
contig_12997	bin.0008
contig_13009	bin.0008
contig_13160	bin.0008
contig_13565	bin.0008
contig_13648	bin.0008
contig_2012	bin.0008
contig_4399	bin.0008
contig_4964	bin.0008
contig_6403	bin.0008
contig_7936	bin.0008
contig_8464	bin.0008
contig_10956	bin.0009
contig_14009	bin.0009
contig_14061	bin.0009
contig_4891	bin.0009
contig_5847	bin.0009
contig_6423	bin.0009
contig_7581	bin.0009
contig_7970	bin.0009
contig_11286	bin.0010
contig_12441	bin.0010
contig_13227	bin.0010
contig_13666	bin.0010
contig_3949	bin.0010
contig_4404	bin.0010
contig_5129	bin.0010
contig_6538	bin.0010
contig_6639	bin.0010
contig_7383	bin.0010
contig_7775	bin.0010
contig_9374	bin.0010
contig_10513	bin.0011
contig_10516	bin.0011
contig_10719	bin.0011
contig_11146	bin.0011
contig_1297	bin.0011
contig_13496	bin.0011
contig_13691	bin.0011
contig_14070	bin.0011
contig_14226	bin.0011
contig_3768	bin.0011
contig_4132	bin.0011
contig_4768	bin.0011
contig_6329	bin.0011
contig_6406	bin.0011
contig_6415	bin.0011
contig_6797	bin.0011
contig_7296	bin.0011
contig_7972	bin.0011
contig_8092	bin.0011
contig_8094	bin.0011
contig_8830	bin.0011
contig_8911	bin.0011
contig_8986	bin.0011
contig_9258	bin.0011
contig_9663	bin.0011
contig_9751	bin.0011
contig_9752	bin.0011
contig_9753	bin.0011
contig_9957	bin.0011
contig_9970	bin.0011
contig_9971	bin.0011
contig_10071	bin.0012
contig_10444	bin.0012
contig_10473	bin.0012
contig_10853	bin.0012
contig_11111	bin.0012
contig_11153	bin.0012
contig_11173	bin.0012
contig_11428	bin.0012
contig_11766	bin.0012
contig_12024	bin.0012
contig_12490	bin.0012
contig_12524	bin.0012
contig_12711	bin.0012
contig_13319	bin.0012
contig_13841	bin.0012
contig_13842	bin.0012
contig_14130	bin.0012
contig_14151	bin.0012
contig_14219	bin.0012
contig_2069	bin.0012
contig_3398	bin.0012
contig_4344	bin.0012
contig_4373	bin.0012
contig_7361	bin.0012
contig_7701	bin.0012
contig_7702	bin.0012
contig_8349	bin.0012
contig_8657	bin.0012
contig_8707	bin.0012
contig_9340	bin.0012
contig_9341	bin.0012
contig_10706	bin.0013
contig_13151	bin.0013
contig_1547	bin.0013
contig_1837	bin.0013
contig_6015	bin.0013
contig_10176	bin.0014
contig_10530	bin.0014
contig_10532	bin.0014
contig_10722	bin.0014
contig_11337	bin.0014
contig_11370	bin.0014
contig_12458	bin.0014
contig_12911	bin.0014
contig_12912	bin.0014
contig_12981	bin.0014
contig_12993	bin.0014
contig_13525	bin.0014
contig_13652	bin.0014
contig_13993	bin.0014
contig_4384	bin.0014
contig_4668	bin.0014
contig_7226	bin.0014
contig_7307	bin.0014
contig_7469	bin.0014
contig_7910	bin.0014
contig_8083	bin.0014
contig_8111	bin.0014
contig_8116	bin.0014
contig_9688	bin.0014
contig_10654	bin.0015
contig_10701	bin.0015
contig_10746	bin.0015
contig_11601	bin.0015
contig_11618	bin.0015
contig_11817	bin.0015
contig_11846	bin.0015
contig_12079	bin.0015
contig_14269	bin.0015
contig_2106	bin.0015
contig_2894	bin.0015
contig_2906	bin.0015
contig_4834	bin.0015
contig_6283	bin.0015
contig_6424	bin.0015
contig_7114	bin.0015
contig_7710	bin.0015
contig_8067	bin.0015
contig_9437	bin.0015
contig_10146	bin.0016
contig_10212	bin.0016
contig_10472	bin.0016
contig_10798	bin.0016
contig_11314	bin.0016
contig_11334	bin.0016
contig_11576	bin.0016
contig_11722	bin.0016
contig_11884	bin.0016
contig_13229	bin.0016
contig_14096	bin.0016
contig_14097	bin.0016
contig_14135	bin.0016
contig_5184	bin.0016
contig_6225	bin.0016
contig_7717	bin.0016
contig_8583	bin.0016
contig_12881	bin.0017
contig_3556	bin.0017
contig_5044	bin.0017
contig_7621	bin.0017
contig_10076	bin.0018
contig_10646	bin.0018
contig_10774	bin.0018
contig_12592	bin.0018
contig_12596	bin.0018
contig_13111	bin.0018
contig_13125	bin.0018
contig_13258	bin.0018
contig_13392	bin.0018
contig_13447	bin.0018
contig_13632	bin.0018
contig_13865	bin.0018
contig_13872	bin.0018
contig_13943	bin.0018
contig_14102	bin.0018
contig_14172	bin.0018
contig_14220	bin.0018
contig_3531	bin.0018
contig_3965	bin.0018
contig_3966	bin.0018
contig_3977	bin.0018
contig_3985	bin.0018
contig_4068	bin.0018
contig_425	bin.0018
contig_4271	bin.0018
contig_4523	bin.0018
contig_5265	bin.0018
contig_5346	bin.0018
contig_5796	bin.0018
contig_5797	bin.0018
contig_5803	bin.0018
contig_6197	bin.0018
contig_6198	bin.0018
contig_7246	bin.0018
contig_7247	bin.0018
contig_7248	bin.0018
contig_7272	bin.0018
contig_7839	bin.0018
contig_8156	bin.0018
contig_8574	bin.0018
contig_8779	bin.0018
contig_8834	bin.0018
contig_9060	bin.0018
contig_9322	bin.0018
contig_9605	bin.0018
contig_9617	bin.0018
contig_9783	bin.0018
contig_9949	bin.0018
contig_10093	bin.0019
contig_10387	bin.0019
contig_10553	bin.0019
contig_10634	bin.0019
contig_10959	bin.0019
contig_11070	bin.0019
contig_11076	bin.0019
contig_11277	bin.0019
contig_11315	bin.0019
contig_11483	bin.0019
contig_11579	bin.0019
contig_11621	bin.0019
contig_11676	bin.0019
contig_11769	bin.0019
contig_11802	bin.0019
contig_11822	bin.0019
contig_11939	bin.0019
contig_11962	bin.0019
contig_12011	bin.0019
contig_12096	bin.0019
contig_12112	bin.0019
contig_12122	bin.0019
contig_12235	bin.0019
contig_13642	bin.0019
contig_13909	bin.0019
contig_13952	bin.0019
contig_14142	bin.0019
contig_1684	bin.0019
contig_2196	bin.0019
contig_2204	bin.0019
contig_2205	bin.0019
contig_2536	bin.0019
contig_2539	bin.0019
contig_2540	bin.0019
contig_2582	bin.0019
contig_2723	bin.0019
contig_3178	bin.0019
contig_3179	bin.0019
contig_3180	bin.0019
contig_3862	bin.0019
contig_4055	bin.0019
contig_4137	bin.0019
contig_4270	bin.0019
contig_4909	bin.0019
contig_4971	bin.0019
contig_5310	bin.0019
contig_5592	bin.0019
contig_5724	bin.0019
contig_5912	bin.0019
contig_6016	bin.0019
contig_7112	bin.0019
contig_7209	bin.0019
contig_7271	bin.0019
contig_7524	bin.0019
contig_7628	bin.0019
contig_7766	bin.0019
contig_8057	bin.0019
contig_8084	bin.0019
contig_8325	bin.0019
contig_8382	bin.0019
contig_8406	bin.0019
contig_8533	bin.0019
contig_8562	bin.0019
contig_8988	bin.0019
contig_9123	bin.0019
contig_9269	bin.0019
contig_9356	bin.0019
contig_9425	bin.0019
contig_9444	bin.0019
contig_9607	bin.0019
contig_9739	bin.0019
contig_9765	bin.0019
contig_9844	bin.0019
contig_9892	bin.0019
contig_9974	bin.0019
contig_10393	bin.0020
contig_10470	bin.0020
contig_10705	bin.0020
contig_10856	bin.0020
contig_11339	bin.0020
contig_11462	bin.0020
contig_11711	bin.0020
contig_11896	bin.0020
contig_12052	bin.0020
contig_1214	bin.0020
contig_12336	bin.0020
contig_13280	bin.0020
contig_13513	bin.0020
contig_13553	bin.0020
contig_14031	bin.0020
contig_14245	bin.0020
contig_1875	bin.0020
contig_2708	bin.0020
contig_3438	bin.0020
contig_4930	bin.0020
contig_5247	bin.0020
contig_6402	bin.0020
contig_732	bin.0020
contig_7739	bin.0020
contig_8182	bin.0020
contig_8197	bin.0020
contig_8248	bin.0020
contig_8340	bin.0020
contig_8866	bin.0020
contig_8895	bin.0020
contig_9406	bin.0020
contig_9872	bin.0020
contig_9999	bin.0020
contig_12352	bin.0021
contig_12609	bin.0021
contig_14000	bin.0021
contig_3958	bin.0021
contig_4028	bin.0021
contig_4256	bin.0021
contig_5832	bin.0021
contig_752	bin.0021
contig_8801	bin.0021
contig_9221	bin.0021
contig_11677	bin.0022
contig_12263	bin.0022
contig_13481	bin.0022
contig_13950	bin.0022
contig_3656	bin.0022
contig_7083	bin.0022
contig_8301	bin.0022
contig_9218	bin.0022
contig_9963	bin.0022
contig_10171	bin.0023
contig_12879	bin.0023
contig_13020	bin.0023
contig_13218	bin.0023
contig_13885	bin.0023
contig_14029	bin.0023
contig_14188	bin.0023
contig_14239	bin.0023
contig_1560	bin.0023
contig_1717	bin.0023
contig_2747	bin.0023
contig_4242	bin.0023
contig_5342	bin.0023
contig_6349	bin.0023
contig_6408	bin.0023
contig_7414	bin.0023
contig_7898	bin.0023
contig_8505	bin.0023
contig_9696	bin.0023
contig_13023	bin.0024
contig_2005	bin.0024
contig_9178	bin.0024
contig_10353	bin.0025
contig_10432	bin.0025
contig_10552	bin.0025
contig_10752	bin.0025
contig_11006	bin.0025
contig_12348	bin.0025
contig_1294	bin.0025
contig_12987	bin.0025
contig_13821	bin.0025
contig_13969	bin.0025
contig_14249	bin.0025
contig_1654	bin.0025
contig_2283	bin.0025
contig_3189	bin.0025
contig_3728	bin.0025
contig_4164	bin.0025
contig_4574	bin.0025
contig_4701	bin.0025
contig_4770	bin.0025
contig_7101	bin.0025
contig_7102	bin.0025
contig_7107	bin.0025
contig_8011	bin.0025
contig_8215	bin.0025
contig_8421	bin.0025
contig_9452	bin.0025
contig_10277	bin.0026
contig_10463	bin.0026
contig_10775	bin.0026
contig_11239	bin.0026
contig_11554	bin.0026
contig_12028	bin.0026
contig_12331	bin.0026
contig_13052	bin.0026
contig_13053	bin.0026
contig_13054	bin.0026
contig_13363	bin.0026
contig_4546	bin.0026
contig_4835	bin.0026
contig_5018	bin.0026
contig_5019	bin.0026
contig_510	bin.0026
contig_6175	bin.0026
contig_6457	bin.0026
contig_7685	bin.0026
contig_7938	bin.0026
contig_8201	bin.0026
contig_8273	bin.0026
contig_8892	bin.0026
contig_10378	bin.0027
contig_11081	bin.0027
contig_11185	bin.0027
contig_11898	bin.0027
contig_12781	bin.0027
contig_135	bin.0027
contig_3692	bin.0027
contig_9916	bin.0027
contig_12783	bin.0028
contig_13387	bin.0028
contig_2067	bin.0028
contig_6230	bin.0028
contig_6469	bin.0028
contig_8661	bin.0028
contig_10123	bin.0029
contig_11559	bin.0029
contig_11631	bin.0029
contig_11696	bin.0029
contig_11782	bin.0029
contig_11835	bin.0029
contig_12068	bin.0029
contig_12970	bin.0029
contig_13168	bin.0029
contig_13222	bin.0029
contig_13347	bin.0029
contig_13873	bin.0029
contig_2185	bin.0029
contig_2719	bin.0029
contig_5288	bin.0029
contig_6270	bin.0029
contig_7706	bin.0029
contig_7932	bin.0029
contig_8591	bin.0029
contig_11788	bin.0030
contig_12402	bin.0030
contig_12476	bin.0030
contig_12735	bin.0030
contig_13543	bin.0030
contig_2028	bin.0030
contig_3514	bin.0030
contig_3646	bin.0030
contig_4136	bin.0030
contig_6328	bin.0030
contig_639	bin.0030
contig_6872	bin.0030
contig_6873	bin.0030
contig_11027	bin.0031
contig_11207	bin.0031
contig_1219	bin.0031
contig_1221	bin.0031
contig_1227	bin.0031
contig_1228	bin.0031
contig_1229	bin.0031
contig_1230	bin.0031
contig_12337	bin.0031
contig_12339	bin.0031
contig_1237	bin.0031
contig_12721	bin.0031
contig_13875	bin.0031
contig_14168	bin.0031
contig_14268	bin.0031
contig_1527	bin.0031
contig_2	bin.0031
contig_2035	bin.0031
contig_3447	bin.0031
contig_3451	bin.0031
contig_355	bin.0031
contig_4033	bin.0031
contig_6215	bin.0031
contig_6699	bin.0031
contig_7024	bin.0031
contig_7711	bin.0031
contig_8569	bin.0031
contig_8570	bin.0031
contig_8571	bin.0031
contig_9824	bin.0031
contig_13170	bin.0032
contig_2484	bin.0032
contig_5906	bin.0032
contig_6443	bin.0032
contig_7230	bin.0032
contig_7235	bin.0032
contig_10120	bin.0033
contig_10143	bin.0033
contig_10235	bin.0033
contig_10477	bin.0033
contig_10569	bin.0033
contig_10599	bin.0033
contig_10865	bin.0033
contig_11123	bin.0033
contig_13536	bin.0033
contig_13581	bin.0033
contig_13891	bin.0033
contig_1852	bin.0033
contig_1853	bin.0033
contig_2034	bin.0033
contig_3214	bin.0033
contig_7764	bin.0033
contig_8822	bin.0033
contig_8950	bin.0033
contig_8951	bin.0033
contig_8953	bin.0033
contig_9102	bin.0033
contig_9468	bin.0033
contig_10409	bin.0034
contig_10735	bin.0034
contig_12305	bin.0034
contig_12340	bin.0034
contig_12341	bin.0034
contig_1248	bin.0034
contig_12496	bin.0034
contig_12641	bin.0034
contig_12836	bin.0034
contig_12924	bin.0034
contig_12925	bin.0034
contig_13049	bin.0034
contig_13117	bin.0034
contig_13145	bin.0034
contig_13147	bin.0034
contig_13166	bin.0034
contig_13173	bin.0034
contig_13334	bin.0034
contig_1626	bin.0034
contig_1629	bin.0034
contig_3038	bin.0034
contig_3042	bin.0034
contig_3072	bin.0034
contig_3074	bin.0034
contig_3077	bin.0034
contig_3083	bin.0034
contig_3092	bin.0034
contig_3095	bin.0034
contig_3100	bin.0034
contig_4005	bin.0034
contig_448	bin.0034
contig_4734	bin.0034
contig_4737	bin.0034
contig_5454	bin.0034
contig_5455	bin.0034
contig_6	bin.0034
contig_6313	bin.0034
contig_6363	bin.0034
contig_6579	bin.0034
contig_7	bin.0034
contig_7091	bin.0034
contig_7366	bin.0034
contig_7691	bin.0034
contig_885	bin.0034
contig_9410	bin.0034
contig_9921	bin.0034
contig_7896	bin.0035
contig_8037	bin.0035
contig_8039	bin.0035
contig_12165	bin.0036
contig_12170	bin.0036
contig_12375	bin.0036
contig_12603	bin.0036
contig_1595	bin.0036
contig_2109	bin.0036
contig_4900	bin.0036
contig_4906	bin.0036
contig_4950	bin.0036
contig_5852	bin.0036
contig_6900	bin.0036
contig_6902	bin.0036
contig_6904	bin.0036
contig_6906	bin.0036
contig_6914	bin.0036
contig_6915	bin.0036
contig_6975	bin.0036
contig_6976	bin.0036
contig_7481	bin.0036
contig_8716	bin.0036
contig_8738	bin.0036
contig_8751	bin.0036
contig_10336	bin.0037
contig_1088	bin.0037
contig_1127	bin.0037
contig_1132	bin.0037
contig_12275	bin.0037
contig_12856	bin.0037
contig_12857	bin.0037
contig_13777	bin.0037
contig_1563	bin.0037
contig_1829	bin.0037
contig_2387	bin.0037
contig_2848	bin.0037
contig_3191	bin.0037
contig_3340	bin.0037
contig_3654	bin.0037
contig_4532	bin.0037
contig_5029	bin.0037
contig_5835	bin.0037
contig_5946	bin.0037
contig_6421	bin.0037
contig_8134	bin.0037
contig_8343	bin.0037
contig_8489	bin.0037
contig_9512	bin.0037
contig_10342	bin.0038
contig_11381	bin.0038
contig_12642	bin.0038
contig_13445	bin.0038
contig_13613	bin.0038
contig_14073	bin.0038
contig_14250	bin.0038
contig_2562	bin.0038
contig_2863	bin.0038
contig_2869	bin.0038
contig_3695	bin.0038
contig_3886	bin.0038
contig_4032	bin.0038
contig_6556	bin.0038
contig_6727	bin.0038
contig_7266	bin.0038
contig_1301	bin.0039
contig_2071	bin.0039
contig_11213	bin.0040
contig_12501	bin.0040
contig_12605	bin.0040
contig_13194	bin.0040
contig_3975	bin.0040
contig_4627	bin.0040
contig_10445	bin.0041
contig_13781	bin.0041
contig_5314	bin.0041
contig_8708	bin.0041
contig_10196	bin.0042
contig_11181	bin.0042
contig_11327	bin.0042
contig_11538	bin.0042
contig_11712	bin.0042
contig_11737	bin.0042
contig_11879	bin.0042
contig_12081	bin.0042
contig_12333	bin.0042
contig_12564	bin.0042
contig_12670	bin.0042
contig_1284	bin.0042
contig_12891	bin.0042
contig_12999	bin.0042
contig_13253	bin.0042
contig_13341	bin.0042
contig_13539	bin.0042
contig_13732	bin.0042
contig_14134	bin.0042
contig_1793	bin.0042
contig_2198	bin.0042
contig_2627	bin.0042
contig_2629	bin.0042
contig_2631	bin.0042
contig_2634	bin.0042
contig_2710	bin.0042
contig_2739	bin.0042
contig_286	bin.0042
contig_4402	bin.0042
contig_5100	bin.0042
contig_5312	bin.0042
contig_5400	bin.0042
contig_5481	bin.0042
contig_5638	bin.0042
contig_6009	bin.0042
contig_6297	bin.0042
contig_6541	bin.0042
contig_7032	bin.0042
contig_7176	bin.0042
contig_7177	bin.0042
contig_7206	bin.0042
contig_7492	bin.0042
contig_7981	bin.0042
contig_8085	bin.0042
contig_8086	bin.0042
contig_8160	bin.0042
contig_8369	bin.0042
contig_8397	bin.0042
contig_876	bin.0042
contig_8842	bin.0042
contig_8894	bin.0042
contig_9021	bin.0042
contig_9190	bin.0042
contig_9314	bin.0042
contig_9495	bin.0042
contig_9496	bin.0042
contig_9576	bin.0042
contig_9855	bin.0042
contig_989	bin.0042
contig_990	bin.0042
contig_12773	bin.0043
contig_13121	bin.0043
contig_13233	bin.0043
contig_13255	bin.0043
contig_13256	bin.0043
contig_3310	bin.0043
contig_4763	bin.0043
contig_5290	bin.0043
contig_683	bin.0043
contig_7720	bin.0043
contig_8368	bin.0043
contig_10158	bin.0044
contig_10160	bin.0044
contig_12225	bin.0044
contig_12237	bin.0044
contig_12425	bin.0044
contig_12426	bin.0044
contig_12427	bin.0044
contig_12429	bin.0044
contig_12431	bin.0044
contig_12432	bin.0044
contig_12433	bin.0044
contig_12436	bin.0044
contig_13226	bin.0044
contig_13554	bin.0044
contig_13787	bin.0044
contig_1740	bin.0044
contig_1741	bin.0044
contig_1742	bin.0044
contig_1744	bin.0044
contig_1745	bin.0044
contig_1753	bin.0044
contig_1754	bin.0044
contig_1755	bin.0044
contig_1757	bin.0044
contig_1759	bin.0044
contig_1760	bin.0044
contig_1762	bin.0044
contig_1767	bin.0044
contig_1768	bin.0044
contig_1769	bin.0044
contig_1773	bin.0044
contig_1774	bin.0044
contig_1775	bin.0044
contig_1777	bin.0044
contig_1778	bin.0044
contig_1779	bin.0044
contig_1784	bin.0044
contig_1785	bin.0044
contig_3554	bin.0044
contig_4244	bin.0044
contig_4828	bin.0044
contig_5040	bin.0044
contig_5041	bin.0044
contig_5624	bin.0044
contig_6265	bin.0044
contig_689	bin.0044
contig_691	bin.0044
contig_756	bin.0044
contig_8361	bin.0044
contig_8363	bin.0044
contig_8633	bin.0044
contig_8634	bin.0044
contig_8792	bin.0044
contig_8991	bin.0044
contig_9700	bin.0044
contig_9922	bin.0044
contig_10124	bin.0045
contig_10816	bin.0045
contig_12904	bin.0045
contig_13526	bin.0045
contig_14116	bin.0045
contig_3987	bin.0045
contig_6765	bin.0045
contig_7058	bin.0045
contig_7261	bin.0045
contig_7850	bin.0045
contig_8913	bin.0045
contig_8932	bin.0045
contig_9025	bin.0045
contig_10408	bin.0046
contig_10411	bin.0046
contig_12389	bin.0046
contig_14109	bin.0046
contig_6557	bin.0046
contig_10726	bin.0047
contig_12411	bin.0047
contig_13215	bin.0047
contig_13981	bin.0047
contig_2772	bin.0047
contig_2813	bin.0047
contig_5496	bin.0047
contig_5611	bin.0047
contig_59	bin.0047
contig_8038	bin.0047
contig_84	bin.0047
contig_8433	bin.0047
contig_8698	bin.0047
contig_9209	bin.0047
contig_9796	bin.0047
contig_9878	bin.0047
contig_10900	bin.0048
contig_1177	bin.0048
contig_1213	bin.0048
contig_12274	bin.0048
contig_12602	bin.0048
contig_13551	bin.0048
contig_14261	bin.0048
contig_2691	bin.0048
contig_6051	bin.0048
contig_7583	bin.0048
contig_883	bin.0048
contig_888	bin.0048
contig_9596	bin.0048
contig_9890	bin.0048
contig_10788	bin.0049
contig_11692	bin.0049
contig_12452	bin.0049
contig_13216	bin.0049
contig_1879	bin.0049
contig_1882	bin.0049
contig_1886	bin.0049
contig_1890	bin.0049
contig_3697	bin.0049
contig_4564	bin.0049
contig_4795	bin.0049
contig_5039	bin.0049
contig_5350	bin.0049
contig_5658	bin.0049
contig_744	bin.0049
contig_8447	bin.0049
contig_9038	bin.0049
contig_12515	bin.0050
contig_13610	bin.0050
contig_7450	bin.0050
contig_9891	bin.0050
contig_10069	bin.0051
contig_10255	bin.0051
contig_10339	bin.0051
contig_10401	bin.0051
contig_10658	bin.0051
contig_10695	bin.0051
contig_10696	bin.0051
contig_10824	bin.0051
contig_11007	bin.0051
contig_11044	bin.0051
contig_11150	bin.0051
contig_11159	bin.0051
contig_11180	bin.0051
contig_11320	bin.0051
contig_11414	bin.0051
contig_11540	bin.0051
contig_11597	bin.0051
contig_11616	bin.0051
contig_11730	bin.0051
contig_11806	bin.0051
contig_11886	bin.0051
contig_11924	bin.0051
contig_11965	bin.0051
contig_12113	bin.0051
contig_2104	bin.0051
contig_3814	bin.0051
contig_4969	bin.0051
contig_6996	bin.0051
contig_741	bin.0051
contig_9511	bin.0051
contig_9738	bin.0051
contig_10047	bin.0052
contig_10330	bin.0052
contig_10648	bin.0052
contig_10804	bin.0052
contig_10969	bin.0052
contig_10973	bin.0052
contig_11009	bin.0052
contig_11034	bin.0052
contig_11259	bin.0052
contig_11350	bin.0052
contig_11401	bin.0052
contig_11588	bin.0052
contig_11694	bin.0052
contig_11747	bin.0052
contig_11901	bin.0052
contig_12062	bin.0052
contig_5282	bin.0052
contig_6428	bin.0052
contig_7673	bin.0052
contig_8659	bin.0052
contig_9088	bin.0052
contig_12377	bin.0053
contig_1395	bin.0053
contig_311	bin.0053
contig_10030	bin.0054
contig_10077	bin.0054
contig_10475	bin.0054
contig_10556	bin.0054
contig_10669	bin.0054
contig_10759	bin.0054
contig_10768	bin.0054
contig_10813	bin.0054
contig_10954	bin.0054
contig_10984	bin.0054
contig_11073	bin.0054
contig_11078	bin.0054
contig_11118	bin.0054
contig_11256	bin.0054
contig_11263	bin.0054
contig_11308	bin.0054
contig_11322	bin.0054
contig_11391	bin.0054
contig_11531	bin.0054
contig_11541	bin.0054
contig_11565	bin.0054
contig_11596	bin.0054
contig_11718	bin.0054
contig_11736	bin.0054
contig_11768	bin.0054
contig_11801	bin.0054
contig_11816	bin.0054
contig_11818	bin.0054
contig_11821	bin.0054
contig_11848	bin.0054
contig_11885	bin.0054
contig_12018	bin.0054
contig_12036	bin.0054
contig_12076	bin.0054
contig_12087	bin.0054
contig_1384	bin.0054
contig_2563	bin.0054
contig_2624	bin.0054
contig_3589	bin.0054
contig_3743	bin.0054
contig_4723	bin.0054
contig_4742	bin.0054
contig_4949	bin.0054
contig_5409	bin.0054
contig_5530	bin.0054
contig_5709	bin.0054
contig_5868	bin.0054
contig_596	bin.0054
contig_5969	bin.0054
contig_6425	bin.0054
contig_6804	bin.0054
contig_6960	bin.0054
contig_6992	bin.0054
contig_7555	bin.0054
contig_7590	bin.0054
contig_7626	bin.0054
contig_7844	bin.0054
contig_8167	bin.0054
contig_8208	bin.0054
contig_8385	bin.0054
contig_8479	bin.0054
contig_8541	bin.0054
contig_8588	bin.0054
contig_8628	bin.0054
contig_8765	bin.0054
contig_8943	bin.0054
contig_8945	bin.0054
contig_9	bin.0054
contig_9033	bin.0054
contig_9148	bin.0054
contig_9202	bin.0054
contig_9232	bin.0054
contig_9246	bin.0054
contig_9266	bin.0054
contig_936	bin.0054
contig_9519	bin.0054
contig_9597	bin.0054
contig_9761	bin.0054
contig_9828	bin.0054
contig_9837	bin.0054
contig_9925	bin.0054
contig_10418	bin.0055
contig_10425	bin.0055
contig_10541	bin.0055
contig_10563	bin.0055
contig_10581	bin.0055
contig_10614	bin.0055
contig_11477	bin.0055
contig_11668	bin.0055
contig_11830	bin.0055
contig_11831	bin.0055
contig_11938	bin.0055
contig_14132	bin.0055
contig_14133	bin.0055
contig_14139	bin.0055
contig_14197	bin.0055
contig_3396	bin.0055
contig_4712	bin.0055
contig_4994	bin.0055
contig_5910	bin.0055
contig_6683	bin.0055
contig_6835	bin.0055
contig_8041	bin.0055
contig_10268	bin.0056
contig_10271	bin.0056
contig_118	bin.0056
contig_12142	bin.0056
contig_13349	bin.0056
contig_13552	bin.0056
contig_14040	bin.0056
contig_3635	bin.0056
contig_4247	bin.0056
contig_4648	bin.0056
contig_5004	bin.0056
contig_5008	bin.0056
contig_5892	bin.0056
contig_7267	bin.0056
contig_9439	bin.0056
contig_11479	bin.0057
contig_11633	bin.0057
contig_11739	bin.0057
contig_12456	bin.0057
contig_12545	bin.0057
contig_13061	bin.0057
contig_13832	bin.0057
contig_13880	bin.0057
contig_13932	bin.0057
contig_14094	bin.0057
contig_14175	bin.0057
contig_2319	bin.0057
contig_2431	bin.0057
contig_2479	bin.0057
contig_5227	bin.0057
contig_5275	bin.0057
contig_6098	bin.0057
contig_8609	bin.0057
contig_8849	bin.0057
contig_9503	bin.0057
contig_12272	bin.0058
contig_12539	bin.0058
contig_12672	bin.0058
contig_12676	bin.0058
contig_13542	bin.0058
contig_13566	bin.0058
contig_1992	bin.0058
contig_1995	bin.0058
contig_3420	bin.0058
contig_3481	bin.0058
contig_4322	bin.0058
contig_4758	bin.0058
contig_5886	bin.0058
contig_6228	bin.0058
contig_6756	bin.0058
contig_6758	bin.0058
contig_735	bin.0058
contig_7408	bin.0058
contig_7412	bin.0058
contig_1	bin.0059
contig_1217	bin.0059
contig_1235	bin.0059
contig_13141	bin.0059
contig_10179	bin.0060
contig_10533	bin.0060
contig_10631	bin.0060
contig_10632	bin.0060
contig_11000	bin.0060
contig_11100	bin.0060
contig_12349	bin.0060
contig_13705	bin.0060
contig_1544	bin.0060
contig_6876	bin.0060
contig_7085	bin.0060
contig_9288	bin.0060
contig_10238	bin.0061
contig_10241	bin.0061
contig_12678	bin.0061
contig_12680	bin.0061
contig_13672	bin.0061
contig_13734	bin.0061
contig_1855	bin.0061
contig_3242	bin.0061
contig_4058	bin.0061
contig_4581	bin.0061
contig_5105	bin.0061
contig_5321	bin.0061
contig_5393	bin.0061
contig_6124	bin.0061
contig_8099	bin.0061
contig_10041	bin.0062
contig_10405	bin.0062
contig_10916	bin.0062
contig_11615	bin.0062
contig_12246	bin.0062
contig_12251	bin.0062
contig_13155	bin.0062
contig_13516	bin.0062
contig_14049	bin.0062
contig_14110	bin.0062
contig_5395	bin.0062
contig_5710	bin.0062
contig_7923	bin.0062
contig_8148	bin.0062
contig_8149	bin.0062
contig_8166	bin.0062
contig_9611	bin.0062
contig_10903	bin.0063
contig_12245	bin.0063
contig_12297	bin.0063
contig_12582	bin.0063
contig_12714	bin.0063
contig_12898	bin.0063
contig_13093	bin.0063
contig_13245	bin.0063
contig_13303	bin.0063
contig_13466	bin.0063
contig_1546	bin.0063
contig_1971	bin.0063
contig_2212	bin.0063
contig_2220	bin.0063
contig_2222	bin.0063
contig_2223	bin.0063
contig_2227	bin.0063
contig_2244	bin.0063
contig_2409	bin.0063
contig_2577	bin.0063
contig_2578	bin.0063
contig_2712	bin.0063
contig_2733	bin.0063
contig_3181	bin.0063
contig_3410	bin.0063
contig_3422	bin.0063
contig_3430	bin.0063
contig_4173	bin.0063
contig_4174	bin.0063
contig_4958	bin.0063
contig_4989	bin.0063
contig_5174	bin.0063
contig_5692	bin.0063
contig_5693	bin.0063
contig_5739	bin.0063
contig_6032	bin.0063
contig_6737	bin.0063
contig_6760	bin.0063
contig_6843	bin.0063
contig_6981	bin.0063
contig_7016	bin.0063
contig_7398	bin.0063
contig_7405	bin.0063
contig_7407	bin.0063
contig_7430	bin.0063
contig_7431	bin.0063
contig_7517	bin.0063
contig_790	bin.0063
contig_793	bin.0063
contig_8049	bin.0063
contig_8179	bin.0063
contig_8880	bin.0063
contig_8996	bin.0063
contig_905	bin.0063
contig_9562	bin.0063
contig_9986	bin.0063
contig_10114	bin.0064
contig_10359	bin.0064
contig_10539	bin.0064
contig_11529	bin.0064
contig_13274	bin.0064
contig_2829	bin.0064
contig_11212	bin.0065
contig_12195	bin.0065
contig_12831	bin.0065
contig_12833	bin.0065
contig_13846	bin.0065
contig_13882	bin.0065
contig_3971	bin.0065
contig_3973	bin.0065
contig_7284	bin.0065
contig_7285	bin.0065
contig_7866	bin.0065
contig_8455	bin.0065
contig_8456	bin.0065
contig_8461	bin.0065
contig_8672	bin.0065
contig_8675	bin.0065
contig_8676	bin.0065
contig_8899	bin.0065
contig_10025	bin.0066
contig_10111	bin.0066
contig_10390	bin.0066
contig_10455	bin.0066
contig_10859	bin.0066
contig_11023	bin.0066
contig_11216	bin.0066
contig_11359	bin.0066
contig_11408	bin.0066
contig_11507	bin.0066
contig_11699	bin.0066
contig_11708	bin.0066
contig_11717	bin.0066
contig_11796	bin.0066
contig_11878	bin.0066
contig_11891	bin.0066
contig_11912	bin.0066
contig_11930	bin.0066
contig_11940	bin.0066
contig_11957	bin.0066
contig_13156	bin.0066
contig_13268	bin.0066
contig_13384	bin.0066
contig_13388	bin.0066
contig_13736	bin.0066
contig_13775	bin.0066
contig_13854	bin.0066
contig_13979	bin.0066
contig_1401	bin.0066
contig_2672	bin.0066
contig_4143	bin.0066
contig_4744	bin.0066
contig_5031	bin.0066
contig_5148	bin.0066
contig_5244	bin.0066
contig_5245	bin.0066
contig_5263	bin.0066
contig_5286	bin.0066
contig_5311	bin.0066
contig_5663	bin.0066
contig_5758	bin.0066
contig_5900	bin.0066
contig_6003	bin.0066
contig_6126	bin.0066
contig_6141	bin.0066
contig_6722	bin.0066
contig_755	bin.0066
contig_77	bin.0066
contig_7859	bin.0066
contig_8219	bin.0066
contig_8303	bin.0066
contig_8351	bin.0066
contig_8396	bin.0066
contig_8423	bin.0066
contig_8426	bin.0066
contig_8644	bin.0066
contig_8652	bin.0066
contig_8658	bin.0066
contig_8796	bin.0066
contig_8857	bin.0066
contig_909	bin.0066
contig_9127	bin.0066
contig_9161	bin.0066
contig_9387	bin.0066
contig_9683	bin.0066
contig_9825	bin.0066
contig_9838	bin.0066
contig_10170	bin.0067
contig_10723	bin.0067
contig_10771	bin.0067
contig_10827	bin.0067
contig_10953	bin.0067
contig_11675	bin.0067
contig_11728	bin.0067
contig_11926	bin.0067
contig_12108	bin.0067
contig_12282	bin.0067
contig_12658	bin.0067
contig_13115	bin.0067
contig_13695	bin.0067
contig_13696	bin.0067
contig_13768	bin.0067
contig_2485	bin.0067
contig_5056	bin.0067
contig_5634	bin.0067
contig_7566	bin.0067
contig_8645	bin.0067
contig_8780	bin.0067
contig_9032	bin.0067
contig_9479	bin.0067
contig_9534	bin.0067
contig_9843	bin.0067
contig_106	bin.0068
contig_10725	bin.0068
contig_12355	bin.0068
contig_12766	bin.0068
contig_12883	bin.0068
contig_12977	bin.0068
contig_1309	bin.0068
contig_1310	bin.0068
contig_13112	bin.0068
contig_13195	bin.0068
contig_13916	bin.0068
contig_2748	bin.0068
contig_4673	bin.0068
contig_6632	bin.0068
contig_6633	bin.0068
contig_7082	bin.0068
contig_7446	bin.0068
contig_8073	bin.0068
contig_8275	bin.0068
contig_9801	bin.0068
contig_12855	bin.0069
contig_13411	bin.0069
contig_2391	bin.0069
contig_2652	bin.0069
contig_3252	bin.0069
contig_3853	bin.0069
contig_5304	bin.0069
contig_8265	bin.0069
contig_938	bin.0069
contig_939	bin.0069
contig_12834	bin.0070
contig_3974	bin.0070
contig_5268	bin.0070
contig_5430	bin.0070
contig_587	bin.0070
contig_10724	bin.0071
contig_13355	bin.0071
contig_2189	bin.0071
contig_306	bin.0071
contig_8843	bin.0071
contig_9973	bin.0071
contig_10392	bin.0072
contig_11251	bin.0072
contig_11252	bin.0072
contig_11306	bin.0072
contig_12054	bin.0072
contig_12758	bin.0072
contig_13026	bin.0072
contig_13251	bin.0072
contig_13746	bin.0072
contig_13844	bin.0072
contig_13860	bin.0072
contig_13945	bin.0072
contig_14214	bin.0072
contig_3611	bin.0072
contig_4724	bin.0072
contig_4743	bin.0072
contig_4745	bin.0072
contig_5757	bin.0072
contig_6378	bin.0072
contig_6877	bin.0072
contig_7092	bin.0072
contig_7860	bin.0072
contig_8009	bin.0072
contig_8180	bin.0072
contig_8766	bin.0072
contig_881	bin.0072
contig_9113	bin.0072
contig_9199	bin.0072
contig_9200	bin.0072
contig_10031	bin.0073
contig_11141	bin.0073
contig_12949	bin.0073
contig_1320	bin.0073
contig_1584	bin.0073
contig_1972	bin.0073
contig_3608	bin.0073
contig_3819	bin.0073
contig_5826	bin.0073
contig_610	bin.0073
contig_7732	bin.0073
contig_8153	bin.0073
contig_10072	bin.0074
contig_10079	bin.0074
contig_10276	bin.0074
contig_10284	bin.0074
contig_10334	bin.0074
contig_10540	bin.0074
contig_10564	bin.0074
contig_10888	bin.0074
contig_10894	bin.0074
contig_10958	bin.0074
contig_10964	bin.0074
contig_11021	bin.0074
contig_11036	bin.0074
contig_11096	bin.0074
contig_11244	bin.0074
contig_11249	bin.0074
contig_11270	bin.0074
contig_11377	bin.0074
contig_11413	bin.0074
contig_11429	bin.0074
contig_11484	bin.0074
contig_11516	bin.0074
contig_11584	bin.0074
contig_11585	bin.0074
contig_11594	bin.0074
contig_11670	bin.0074
contig_11814	bin.0074
contig_11827	bin.0074
contig_11950	bin.0074
contig_11954	bin.0074
contig_11992	bin.0074
contig_4562	bin.0074
contig_5805	bin.0074
contig_7306	bin.0074
contig_7526	bin.0074
contig_8309	bin.0074
contig_8492	bin.0074
contig_8929	bin.0074
contig_9252	bin.0074
contig_9370	bin.0074
contig_9590	bin.0074
contig_9969	bin.0074
contig_9997	bin.0074
contig_10689	bin.0075
contig_10852	bin.0075
contig_10860	bin.0075
contig_10947	bin.0075
contig_11079	bin.0075
contig_11360	bin.0075
contig_11437	bin.0075
contig_11460	bin.0075
contig_11464	bin.0075
contig_11537	bin.0075
contig_11558	bin.0075
contig_11610	bin.0075
contig_11812	bin.0075
contig_11823	bin.0075
contig_11865	bin.0075
contig_11935	bin.0075
contig_11959	bin.0075
contig_12027	bin.0075
contig_13955	bin.0075
contig_14084	bin.0075
contig_2871	bin.0075
contig_2872	bin.0075
contig_6731	bin.0075
contig_7984	bin.0075
contig_9577	bin.0075
contig_9851	bin.0075
contig_9868	bin.0075
contig_10007	bin.0076
contig_10104	bin.0076
contig_10382	bin.0076
contig_10383	bin.0076
contig_10639	bin.0076
contig_10789	bin.0076
contig_11164	bin.0076
contig_11167	bin.0076
contig_14124	bin.0076
contig_1883	bin.0076
contig_1884	bin.0076
contig_1889	bin.0076
contig_2013	bin.0076
contig_2029	bin.0076
contig_505	bin.0076
contig_5080	bin.0076
contig_5277	bin.0076
contig_5657	bin.0076
contig_8293	bin.0076
contig_8294	bin.0076
contig_9409	bin.0076
contig_9411	bin.0076
contig_10126	bin.0077
contig_1044	bin.0077
contig_10629	bin.0077
contig_1069	bin.0077
contig_10801	bin.0077
contig_2482	bin.0077
contig_3156	bin.0077
contig_4080	bin.0077
contig_4087	bin.0077
contig_4223	bin.0077
contig_4620	bin.0077
contig_5060	bin.0077
contig_8174	bin.0077
contig_8487	bin.0077
contig_8773	bin.0077
contig_9639	bin.0077
contig_10019	bin.0078
contig_10078	bin.0078
contig_10168	bin.0078
contig_10514	bin.0078
contig_10656	bin.0078
contig_10671	bin.0078
contig_10714	bin.0078
contig_10737	bin.0078
contig_11038	bin.0078
contig_11125	bin.0078
contig_11291	bin.0078
contig_11369	bin.0078
contig_11573	bin.0078
contig_11636	bin.0078
contig_11685	bin.0078
contig_11849	bin.0078
contig_11905	bin.0078
contig_11958	bin.0078
contig_13236	bin.0078
contig_13298	bin.0078
contig_13514	bin.0078
contig_1789	bin.0078
contig_1838	bin.0078
contig_2621	bin.0078
contig_4141	bin.0078
contig_4769	bin.0078
contig_5062	bin.0078
contig_5090	bin.0078
contig_5274	bin.0078
contig_5651	bin.0078
contig_5923	bin.0078
contig_6284	bin.0078
contig_6770	bin.0078
contig_6828	bin.0078
contig_6869	bin.0078
contig_6875	bin.0078
contig_7280	bin.0078
contig_7281	bin.0078
contig_7400	bin.0078
contig_743	bin.0078
contig_837	bin.0078
contig_8467	bin.0078
contig_8474	bin.0078
contig_8803	bin.0078
contig_8877	bin.0078
contig_8893	bin.0078
contig_9142	bin.0078
contig_9520	bin.0078
contig_9542	bin.0078
contig_9649	bin.0078
contig_9654	bin.0078
contig_9693	bin.0078
contig_9846	bin.0078
contig_9850	bin.0078
contig_9866	bin.0078
contig_11204	bin.0079
contig_13698	bin.0079
contig_565	bin.0079
contig_5819	bin.0079
contig_660	bin.0079
contig_7558	bin.0079
contig_7562	bin.0079
contig_7874	bin.0079
contig_11604	bin.0080
contig_11688	bin.0080
contig_14026	bin.0080
contig_14051	bin.0080
contig_3135	bin.0080
contig_8165	bin.0080
contig_8544	bin.0080
contig_9173	bin.0080
contig_12768	bin.0081
contig_3661	bin.0081
contig_10112	bin.0082
contig_3197	bin.0082
contig_13328	bin.0083
contig_4409	bin.0083
contig_5574	bin.0083
contig_5707	bin.0083
contig_6121	bin.0083
contig_6123	bin.0083
contig_6128	bin.0083
contig_6129	bin.0083
contig_6131	bin.0083
contig_6133	bin.0083
contig_6140	bin.0083
contig_6147	bin.0083
contig_6150	bin.0083
contig_6153	bin.0083
contig_6154	bin.0083
contig_6158	bin.0083
contig_6160	bin.0083
contig_6161	bin.0083
contig_10220	bin.0084
contig_10324	bin.0084
contig_10325	bin.0084
contig_10375	bin.0084
contig_10812	bin.0084
contig_11109	bin.0084
contig_11293	bin.0084
contig_11602	bin.0084
contig_11890	bin.0084
contig_12786	bin.0084
contig_13998	bin.0084
contig_4753	bin.0084
contig_5664	bin.0084
contig_7286	bin.0084
contig_7638	bin.0084
contig_791	bin.0084
contig_8529	bin.0084
contig_8627	bin.0084
contig_9361	bin.0084
contig_10498	bin.0085
contig_10499	bin.0085
contig_10500	bin.0085
contig_10501	bin.0085
contig_10649	bin.0085
contig_1082	bin.0085
contig_1083	bin.0085
contig_10895	bin.0085
contig_10896	bin.0085
contig_10987	bin.0085
contig_11390	bin.0085
contig_11643	bin.0085
contig_12090	bin.0085
contig_12302	bin.0085
contig_12374	bin.0085
contig_12449	bin.0085
contig_12598	bin.0085
contig_12600	bin.0085
contig_12615	bin.0085
contig_12929	bin.0085
contig_12967	bin.0085
contig_13084	bin.0085
contig_13545	bin.0085
contig_13547	bin.0085
contig_13548	bin.0085
contig_1359	bin.0085
contig_13707	bin.0085
contig_13729	bin.0085
contig_13731	bin.0085
contig_13826	bin.0085
contig_13867	bin.0085
contig_13920	bin.0085
contig_14010	bin.0085
contig_14035	bin.0085
contig_1685	bin.0085
contig_1874	bin.0085
contig_2865	bin.0085
contig_2870	bin.0085
contig_3866	bin.0085
contig_4888	bin.0085
contig_5817	bin.0085
contig_6064	bin.0085
contig_6657	bin.0085
contig_6658	bin.0085
contig_7131	bin.0085
contig_7153	bin.0085
contig_7254	bin.0085
contig_7304	bin.0085
contig_7320	bin.0085
contig_7869	bin.0085
contig_7973	bin.0085
contig_8274	bin.0085
contig_8424	bin.0085
contig_8705	bin.0085
contig_8976	bin.0085
contig_904	bin.0085
contig_9118	bin.0085
contig_9220	bin.0085
contig_9270	bin.0085
contig_9568	bin.0085
contig_9581	bin.0085
contig_9908	bin.0085
contig_10279	bin.0086
contig_10281	bin.0086
contig_10750	bin.0086
contig_10757	bin.0086
contig_11617	bin.0086
contig_11820	bin.0086
contig_11980	bin.0086
contig_13419	bin.0086
contig_4881	bin.0086
contig_4883	bin.0086
contig_4983	bin.0086
contig_8650	bin.0086
contig_9679	bin.0086
contig_10029	bin.0087
contig_10345	bin.0087
contig_10346	bin.0087
contig_10488	bin.0087
contig_10657	bin.0087
contig_10949	bin.0087
contig_11378	bin.0087
contig_11385	bin.0087
contig_11478	bin.0087
contig_11716	bin.0087
contig_11756	bin.0087
contig_11983	bin.0087
contig_12854	bin.0087
contig_12966	bin.0087
contig_13905	bin.0087
contig_1914	bin.0087
contig_10211	bin.0088
contig_12171	bin.0088
contig_12351	bin.0088
contig_13737	bin.0088
contig_13738	bin.0088
contig_4378	bin.0088
contig_7377	bin.0088
contig_7584	bin.0088
contig_792	bin.0088
contig_9197	bin.0088
contig_9348	bin.0088
contig_9426	bin.0088
contig_2825	bin.0089
contig_2828	bin.0089
contig_2831	bin.0089
contig_9453	bin.0089
contig_10049	bin.0090
contig_10952	bin.0090
contig_11567	bin.0090
contig_11836	bin.0090
contig_12050	bin.0090
contig_3671	bin.0090
contig_3860	bin.0090
contig_546	bin.0090
contig_5869	bin.0090
contig_6365	bin.0090
contig_6366	bin.0090
contig_7867	bin.0090
contig_8818	bin.0090
contig_10153	bin.0091
contig_11191	bin.0091
contig_12459	bin.0091
contig_12461	bin.0091
contig_12727	bin.0091
contig_13835	bin.0091
contig_2608	bin.0091
contig_2934	bin.0091
contig_3387	bin.0091
contig_3495	bin.0091
contig_3497	bin.0091
contig_4092	bin.0091
contig_4635	bin.0091
contig_4704	bin.0091
contig_8810	bin.0091
contig_10147	bin.0092
contig_10190	bin.0092
contig_10376	bin.0092
contig_10451	bin.0092
contig_10588	bin.0092
contig_10749	bin.0092
contig_10963	bin.0092
contig_11019	bin.0092
contig_11772	bin.0092
contig_12037	bin.0092
contig_12403	bin.0092
contig_12517	bin.0092
contig_13397	bin.0092
contig_13574	bin.0092
contig_13828	bin.0092
contig_13829	bin.0092
contig_13957	bin.0092
contig_14136	bin.0092
contig_14194	bin.0092
contig_14234	bin.0092
contig_3163	bin.0092
contig_5911	bin.0092
contig_7995	bin.0092
contig_8481	bin.0092
contig_8586	bin.0092
contig_8625	bin.0092
contig_10287	bin.0093
contig_13437	bin.0093
contig_13555	bin.0093
contig_3030	bin.0093
contig_3259	bin.0093
contig_4955	bin.0093
contig_847	bin.0093
contig_848	bin.0093
contig_8494	bin.0093
contig_10187	bin.0094
contig_11367	bin.0094
contig_11862	bin.0094
contig_11873	bin.0094
contig_12045	bin.0094
contig_12492	bin.0094
contig_13108	bin.0094
contig_13224	bin.0094
contig_13405	bin.0094
contig_13848	bin.0094
contig_13886	bin.0094
contig_14143	bin.0094
contig_1718	bin.0094
contig_2303	bin.0094
contig_2308	bin.0094
contig_2313	bin.0094
contig_3322	bin.0094
contig_3551	bin.0094
contig_4351	bin.0094
contig_4601	bin.0094
contig_4646	bin.0094
contig_7050	bin.0094
contig_7906	bin.0094
contig_8459	bin.0094
contig_8669	bin.0094
contig_9167	bin.0094
contig_9179	bin.0094
contig_9834	bin.0094
contig_10107	bin.0095
contig_10846	bin.0095
contig_11316	bin.0095
contig_11384	bin.0095
contig_11416	bin.0095
contig_11436	bin.0095
contig_11523	bin.0095
contig_11553	bin.0095
contig_11819	bin.0095
contig_11858	bin.0095
contig_12030	bin.0095
contig_12038	bin.0095
contig_12451	bin.0095
contig_12453	bin.0095
contig_12519	bin.0095
contig_13289	bin.0095
contig_13383	bin.0095
contig_13951	bin.0095
contig_14256	bin.0095
contig_2111	bin.0095
contig_2284	bin.0095
contig_2294	bin.0095
contig_2296	bin.0095
contig_2299	bin.0095
contig_2305	bin.0095
contig_2310	bin.0095
contig_2585	bin.0095
contig_2701	bin.0095
contig_2838	bin.0095
contig_3384	bin.0095
contig_3981	bin.0095
contig_4556	bin.0095
contig_5236	bin.0095
contig_5285	bin.0095
contig_5516	bin.0095
contig_5725	bin.0095
contig_5798	bin.0095
contig_5917	bin.0095
contig_6210	bin.0095
contig_6247	bin.0095
contig_6407	bin.0095
contig_6534	bin.0095
contig_694	bin.0095
contig_7054	bin.0095
contig_7056	bin.0095
contig_7434	bin.0095
contig_7574	bin.0095
contig_7677	bin.0095
contig_7721	bin.0095
contig_7871	bin.0095
contig_8035	bin.0095
contig_8119	bin.0095
contig_8359	bin.0095
contig_8405	bin.0095
contig_8548	bin.0095
contig_8637	bin.0095
contig_8706	bin.0095
contig_8825	bin.0095
contig_8860	bin.0095
contig_9768	bin.0095
contig_9803	bin.0095
contig_2450	bin.0096
contig_2769	bin.0096
contig_3165	bin.0096
contig_367	bin.0096
contig_4661	bin.0096
contig_7020	bin.0096
contig_9078	bin.0096
contig_10020	bin.0097
contig_10683	bin.0097
contig_10929	bin.0097
contig_11528	bin.0097
contig_11758	bin.0097
contig_11847	bin.0097
contig_12279	bin.0097
contig_13794	bin.0097
contig_13812	bin.0097
contig_13870	bin.0097
contig_14016	bin.0097
contig_1554	bin.0097
contig_3373	bin.0097
contig_6971	bin.0097
contig_7552	bin.0097
contig_8209	bin.0097
contig_8635	bin.0097
contig_923	bin.0097
contig_9481	bin.0097
contig_9900	bin.0097
contig_11177	bin.0098
contig_12570	bin.0098
contig_13070	bin.0098
contig_13532	bin.0098
contig_13540	bin.0098
contig_13619	bin.0098
contig_13662	bin.0098
contig_13735	bin.0098
contig_1569	bin.0098
contig_1571	bin.0098
contig_1578	bin.0098
contig_2017	bin.0098
contig_2630	bin.0098
contig_2638	bin.0098
contig_5101	bin.0098
contig_5102	bin.0098
contig_6830	bin.0098
contig_6831	bin.0098
contig_7179	bin.0098
contig_8088	bin.0098
contig_8797	bin.0098
contig_9315	bin.0098
contig_9317	bin.0098
contig_9318	bin.0098
contig_1026	bin.0099
contig_11055	bin.0099
contig_12303	bin.0099
contig_12626	bin.0099
contig_13948	bin.0099
contig_14166	bin.0099
contig_3297	bin.0099
contig_3650	bin.0099
contig_4241	bin.0099
contig_4853	bin.0099
contig_5146	bin.0099
contig_6447	bin.0099
contig_7550	bin.0099
contig_8437	bin.0099
contig_8647	bin.0099
contig_8856	bin.0099
contig_8961	bin.0099
contig_9561	bin.0099
contig_9589	bin.0099
contig_9735	bin.0099
contig_10521	bin.0100
contig_11129	bin.0100
contig_11227	bin.0100
contig_11238	bin.0100
contig_11250	bin.0100
contig_11704	bin.0100
contig_12016	bin.0100
contig_12435	bin.0100
contig_12608	bin.0100
contig_1275	bin.0100
contig_12759	bin.0100
contig_1283	bin.0100
contig_12862	bin.0100
contig_12928	bin.0100
contig_13109	bin.0100
contig_13406	bin.0100
contig_13541	bin.0100
contig_13584	bin.0100
contig_13747	bin.0100
contig_13987	bin.0100
contig_14075	bin.0100
contig_14201	bin.0100
contig_1877	bin.0100
contig_2020	bin.0100
contig_3254	bin.0100
contig_5228	bin.0100
contig_6245	bin.0100
contig_6246	bin.0100
contig_6959	bin.0100
contig_6966	bin.0100
contig_7093	bin.0100
contig_7187	bin.0100
contig_7510	bin.0100
contig_7512	bin.0100
contig_8585	bin.0100
contig_9201	bin.0100
contig_9808	bin.0100
contig_10429	bin.0101
contig_10879	bin.0101
contig_10960	bin.0101
contig_11515	bin.0101
contig_12073	bin.0101
contig_13206	bin.0101
contig_13877	bin.0101
contig_2860	bin.0101
contig_3529	bin.0101
contig_6521	bin.0101
contig_8987	bin.0101
contig_9193	bin.0101
contig_10568	bin.0102
contig_12227	bin.0102
contig_12343	bin.0102
contig_13441	bin.0102
contig_13857	bin.0102
contig_5272	bin.0102
contig_6118	bin.0102
contig_693	bin.0102
contig_8684	bin.0102
contig_9490	bin.0102
contig_1181	bin.0103
contig_13254	bin.0103
contig_1940	bin.0103
contig_2148	bin.0103
contig_2150	bin.0103
contig_5252	bin.0103
contig_5774	bin.0103
contig_6254	bin.0103
contig_697	bin.0103
contig_13339	bin.0104
contig_13340	bin.0104
contig_8388	bin.0104
contig_8389	bin.0104
contig_8390	bin.0104
contig_11380	bin.0105
contig_11399	bin.0105
contig_12542	bin.0105
contig_13473	bin.0105
contig_13978	bin.0105
contig_1794	bin.0105
contig_5293	bin.0105
contig_5586	bin.0105
contig_8622	bin.0105
contig_9295	bin.0105
contig_10487	bin.0106
contig_11219	bin.0106
contig_11258	bin.0106
contig_11790	bin.0106
contig_12399	bin.0106
contig_12469	bin.0106
contig_12477	bin.0106
contig_12563	bin.0106
contig_12756	bin.0106
contig_12973	bin.0106
contig_13105	bin.0106
contig_13276	bin.0106
contig_13297	bin.0106
contig_13515	bin.0106
contig_13612	bin.0106
contig_13644	bin.0106
contig_13760	bin.0106
contig_13774	bin.0106
contig_13914	bin.0106
contig_13965	bin.0106
contig_14039	bin.0106
contig_14146	bin.0106
contig_14162	bin.0106
contig_2291	bin.0106
contig_5032	bin.0106
contig_8896	bin.0106
contig_9055	bin.0106
contig_9352	bin.0106
contig_9363	bin.0106
contig_12472	bin.0107
contig_13923	bin.0107
contig_6021	bin.0107
contig_6464	bin.0107
contig_7660	bin.0107
contig_8549	bin.0107
contig_9995	bin.0107
contig_3327	bin.0108
contig_10304	bin.0109
contig_10312	bin.0109
contig_107	bin.0109
contig_12139	bin.0109
contig_12206	bin.0109
contig_12207	bin.0109
contig_12244	bin.0109
contig_12360	bin.0109
contig_12859	bin.0109
contig_12875	bin.0109
contig_12933	bin.0109
contig_12935	bin.0109
contig_12936	bin.0109
contig_13081	bin.0109
contig_13237	bin.0109
contig_1324	bin.0109
contig_1326	bin.0109
contig_1331	bin.0109
contig_1334	bin.0109
contig_1335	bin.0109
contig_1353	bin.0109
contig_1354	bin.0109
contig_1355	bin.0109
contig_1556	bin.0109
contig_1557	bin.0109
contig_1558	bin.0109
contig_1676	bin.0109
contig_1958	bin.0109
contig_2656	bin.0109
contig_2658	bin.0109
contig_3625	bin.0109
contig_3629	bin.0109
contig_3631	bin.0109
contig_3636	bin.0109
contig_3643	bin.0109
contig_4209	bin.0109
contig_4212	bin.0109
contig_4215	bin.0109
contig_4217	bin.0109
contig_4221	bin.0109
contig_4237	bin.0109
contig_4252	bin.0109
contig_4416	bin.0109
contig_4417	bin.0109
contig_4419	bin.0109
contig_4420	bin.0109
contig_4421	bin.0109
contig_4428	bin.0109
contig_4429	bin.0109
contig_4434	bin.0109
contig_4435	bin.0109
contig_4442	bin.0109
contig_4447	bin.0109
contig_4450	bin.0109
contig_4451	bin.0109
contig_4452	bin.0109
contig_4453	bin.0109
contig_4456	bin.0109
contig_4457	bin.0109
contig_4471	bin.0109
contig_4477	bin.0109
contig_4777	bin.0109
contig_5131	bin.0109
contig_5213	bin.0109
contig_5841	bin.0109
contig_6236	bin.0109
contig_6237	bin.0109
contig_6238	bin.0109
contig_6239	bin.0109
contig_6240	bin.0109
contig_631	bin.0109
contig_6326	bin.0109
contig_6384	bin.0109
contig_6385	bin.0109
contig_640	bin.0109
contig_6431	bin.0109
contig_7565	bin.0109
contig_7629	bin.0109
contig_7630	bin.0109
contig_781	bin.0109
contig_782	bin.0109
contig_783	bin.0109
contig_846	bin.0109
contig_8545	bin.0109
contig_9191	bin.0109
contig_924	bin.0109
contig_9516	bin.0109
contig_9930	bin.0109
contig_10316	bin.0110
contig_10350	bin.0110
contig_10928	bin.0110
contig_11733	bin.0110
contig_11895	bin.0110
contig_1254	bin.0110
contig_1255	bin.0110
contig_12689	bin.0110
contig_13205	bin.0110
contig_14222	bin.0110
contig_6660	bin.0110
contig_7920	bin.0110
contig_12647	bin.0111
contig_13851	bin.0111
contig_14047	bin.0111
contig_2680	bin.0111
contig_6749	bin.0111
contig_8244	bin.0111
contig_8245	bin.0111
contig_8262	bin.0111
contig_8263	bin.0111
contig_8402	bin.0111
contig_1065	bin.0112
contig_12660	bin.0112
contig_3249	bin.0112
contig_8486	bin.0112
contig_11640	bin.0113
contig_11824	bin.0113
contig_13133	bin.0113
contig_13465	bin.0113
contig_13564	bin.0113
contig_13641	bin.0113
contig_13937	bin.0113
contig_5893	bin.0113
contig_6272	bin.0113
contig_6617	bin.0113
contig_9139	bin.0113
contig_9152	bin.0113
contig_11918	bin.0114
contig_12239	bin.0114
contig_12941	bin.0114
contig_13063	bin.0114
contig_3609	bin.0114
contig_4928	bin.0114
contig_6097	bin.0114
contig_7729	bin.0114
contig_13017	bin.0115
contig_1713	bin.0115
contig_1715	bin.0115
contig_5036	bin.0115
contig_5037	bin.0115
contig_5047	bin.0115
contig_5050	bin.0115
contig_5054	bin.0115
contig_7623	bin.0115
contig_10352	bin.0116
contig_10459	bin.0116
contig_10710	bin.0116
contig_10810	bin.0116
contig_10980	bin.0116
contig_11017	bin.0116
contig_11031	bin.0116
contig_11088	bin.0116
contig_11104	bin.0116
contig_11194	bin.0116
contig_11343	bin.0116
contig_11406	bin.0116
contig_11472	bin.0116
contig_11497	bin.0116
contig_11499	bin.0116
contig_11549	bin.0116
contig_11729	bin.0116
contig_11887	bin.0116
contig_11952	bin.0116
contig_12053	bin.0116
contig_12265	bin.0116
contig_12342	bin.0116
contig_13184	bin.0116
contig_13290	bin.0116
contig_13369	bin.0116
contig_13382	bin.0116
contig_13385	bin.0116
contig_13449	bin.0116
contig_13569	bin.0116
contig_13616	bin.0116
contig_13633	bin.0116
contig_13665	bin.0116
contig_13697	bin.0116
contig_13786	bin.0116
contig_13804	bin.0116
contig_13810	bin.0116
contig_13817	bin.0116
contig_13839	bin.0116
contig_13964	bin.0116
contig_13980	bin.0116
contig_13983	bin.0116
contig_14052	bin.0116
contig_14053	bin.0116
contig_14086	bin.0116
contig_14140	bin.0116
contig_14170	bin.0116
contig_14187	bin.0116
contig_14253	bin.0116
contig_2671	bin.0116
contig_2797	bin.0116
contig_3034	bin.0116
contig_3133	bin.0116
contig_3713	bin.0116
contig_4411	bin.0116
contig_5260	bin.0116
contig_5522	bin.0116
contig_6039	bin.0116
contig_7487	bin.0116
contig_7835	bin.0116
contig_7872	bin.0116
contig_8017	bin.0116
contig_8173	bin.0116
contig_8287	bin.0116
contig_8468	bin.0116
contig_8534	bin.0116
contig_9583	bin.0116
contig_9604	bin.0116
contig_9610	bin.0116
contig_9876	bin.0116
contig_10115	bin.0117
contig_12965	bin.0117
contig_13295	bin.0117
contig_1634	bin.0117
contig_1635	bin.0117
contig_1640	bin.0117
contig_2021	bin.0117
contig_2905	bin.0117
contig_4592	bin.0117
contig_5988	bin.0117
contig_5992	bin.0117
contig_6714	bin.0117
contig_6719	bin.0117
contig_724	bin.0117
contig_862	bin.0117
contig_927	bin.0117
contig_10200	bin.0118
contig_10830	bin.0118
contig_10839	bin.0118
contig_14156	bin.0118
contig_3854	bin.0118
contig_3984	bin.0118
contig_3986	bin.0118
contig_4796	bin.0118
contig_7068	bin.0118
contig_8387	bin.0118
contig_10327	bin.0119
contig_10842	bin.0119
contig_10876	bin.0119
contig_11163	bin.0119
contig_11255	bin.0119
contig_11647	bin.0119
contig_12008	bin.0119
contig_12583	bin.0119
contig_12584	bin.0119
contig_12983	bin.0119
contig_13116	bin.0119
contig_13239	bin.0119
contig_13350	bin.0119
contig_13408	bin.0119
contig_13940	bin.0119
contig_13958	bin.0119
contig_14161	bin.0119
contig_1679	bin.0119
contig_4483	bin.0119
contig_6798	bin.0119
contig_6800	bin.0119
contig_7856	bin.0119
contig_8145	bin.0119
contig_8630	bin.0119
contig_8847	bin.0119
contig_9131	bin.0119
contig_9311	bin.0119
contig_9316	bin.0119
contig_13171	bin.0120
contig_14207	bin.0120
contig_2852	bin.0120
contig_6820	bin.0120
contig_7817	bin.0120
contig_7953	bin.0120
contig_8124	bin.0120
contig_8126	bin.0120
contig_11144	bin.0121
contig_12450	bin.0121
contig_12571	bin.0121
contig_13407	bin.0121
contig_9124	bin.0121
contig_9125	bin.0121
contig_9634	bin.0121
contig_10254	bin.0122
contig_10890	bin.0122
contig_11080	bin.0122
contig_11375	bin.0122
contig_11495	bin.0122
contig_11509	bin.0122
contig_11634	bin.0122
contig_11669	bin.0122
contig_11732	bin.0122
contig_11867	bin.0122
contig_11945	bin.0122
contig_12078	bin.0122
contig_12852	bin.0122
contig_13150	bin.0122
contig_13154	bin.0122
contig_13265	bin.0122
contig_13677	bin.0122
contig_13701	bin.0122
contig_13807	bin.0122
contig_13921	bin.0122
contig_13944	bin.0122
contig_14042	bin.0122
contig_14065	bin.0122
contig_14081	bin.0122
contig_1706	bin.0122
contig_5416	bin.0122
contig_6120	bin.0122
contig_6612	bin.0122
contig_8660	bin.0122
contig_8930	bin.0122
contig_9194	bin.0122
contig_9588	bin.0122
contig_9713	bin.0122
contig_9769	bin.0122
contig_9881	bin.0122
contig_10136	bin.0123
contig_10320	bin.0123
contig_10321	bin.0123
contig_10883	bin.0123
contig_10990	bin.0123
contig_11182	bin.0123
contig_11392	bin.0123
contig_11916	bin.0123
contig_12044	bin.0123
contig_12216	bin.0123
contig_13386	bin.0123
contig_13689	bin.0123
contig_13990	bin.0123
contig_14237	bin.0123
contig_6446	bin.0123
contig_6449	bin.0123
contig_6450	bin.0123
contig_7513	bin.0123
contig_8332	bin.0123
contig_9760	bin.0123
contig_10021	bin.0124
contig_11282	bin.0124
contig_12617	bin.0124
contig_13056	bin.0124
contig_13238	bin.0124
contig_13489	bin.0124
contig_13512	bin.0124
contig_13752	bin.0124
contig_13763	bin.0124
contig_13906	bin.0124
contig_6341	bin.0124
contig_6342	bin.0124
contig_6540	bin.0124
contig_8188	bin.0124
contig_8192	bin.0124
contig_8889	bin.0124
contig_8890	bin.0124
contig_9026	bin.0124
contig_9027	bin.0124
contig_9660	bin.0124
contig_9661	bin.0124
contig_9685	bin.0124
contig_10138	bin.0125
contig_10407	bin.0125
contig_11425	bin.0125
contig_12503	bin.0125
contig_12657	bin.0125
contig_12669	bin.0125
contig_12863	bin.0125
contig_13593	bin.0125
contig_13618	bin.0125
contig_13789	bin.0125
contig_13988	bin.0125
contig_142	bin.0125
contig_143	bin.0125
contig_3766	bin.0125
contig_5856	bin.0125
contig_5914	bin.0125
contig_8040	bin.0125
contig_82	bin.0125
contig_8453	bin.0125
contig_8454	bin.0125
contig_9230	bin.0125
contig_937	bin.0125
contig_9662	bin.0125
contig_11902	bin.0126
contig_11932	bin.0126
contig_12947	bin.0126
contig_13464	bin.0126
contig_2147	bin.0126
contig_326	bin.0126
contig_4728	bin.0126
contig_4730	bin.0126
contig_527	bin.0126
contig_632	bin.0126
contig_7201	bin.0126
contig_7319	bin.0126
contig_8502	bin.0126
contig_9385	bin.0126
contig_12625	bin.0127
contig_1360	bin.0127
contig_13811	bin.0127
contig_13866	bin.0127
contig_2352	bin.0127
contig_2396	bin.0127
contig_2834	bin.0127
contig_3233	bin.0127
contig_3285	bin.0127
contig_4234	bin.0127
contig_464	bin.0127
contig_4669	bin.0127
contig_5576	bin.0127
contig_6965	bin.0127
contig_7213	bin.0127
contig_7470	bin.0127
contig_7725	bin.0127
contig_7726	bin.0127
contig_8743	bin.0127
contig_10747	bin.0128
contig_10921	bin.0128
contig_11290	bin.0128
contig_11435	bin.0128
contig_11450	bin.0128
contig_11606	bin.0128
contig_11715	bin.0128
contig_11783	bin.0128
contig_12040	bin.0128
contig_12048	bin.0128
contig_3539	bin.0128
contig_5468	bin.0128
contig_597	bin.0128
contig_7834	bin.0128
contig_8075	bin.0128
contig_8227	bin.0128
contig_8805	bin.0128
contig_9772	bin.0128
contig_13517	bin.0129
contig_9002	bin.0129
contig_10164	bin.0130
contig_10576	bin.0130
contig_427	bin.0130
contig_10996	bin.0131
contig_11174	bin.0131
contig_11348	bin.0131
contig_11986	bin.0131
contig_12010	bin.0131
contig_2662	bin.0131
contig_5246	bin.0131
contig_5284	bin.0131
contig_6089	bin.0131
contig_6108	bin.0131
contig_7494	bin.0131
contig_7647	bin.0131
contig_8920	bin.0131
contig_9548	bin.0131
contig_12495	bin.0132
contig_14099	bin.0132
contig_1736	bin.0132
contig_3028	bin.0132
contig_4998	bin.0132
contig_500	bin.0132
contig_7031	bin.0132
contig_7941	bin.0132
contig_8413	bin.0132
contig_9722	bin.0132
contig_11329	bin.0133
contig_11577	bin.0133
contig_11580	bin.0133
contig_11581	bin.0133
contig_11582	bin.0133
contig_2202	bin.0133
contig_2203	bin.0133
contig_5650	bin.0133
contig_7830	bin.0133
contig_8656	bin.0133
contig_9523	bin.0133
contig_9602	bin.0133
contig_9603	bin.0133
contig_10054	bin.0134
contig_10135	bin.0134
contig_10519	bin.0134
contig_10545	bin.0134
contig_11265	bin.0134
contig_11304	bin.0134
contig_11656	bin.0134
contig_11860	bin.0134
contig_12015	bin.0134
contig_12021	bin.0134
contig_12098	bin.0134
contig_12554	bin.0134
contig_12665	bin.0134
contig_12760	bin.0134
contig_12906	bin.0134
contig_12915	bin.0134
contig_12992	bin.0134
contig_13178	bin.0134
contig_13556	bin.0134
contig_13634	bin.0134
contig_13658	bin.0134
contig_13699	bin.0134
contig_13773	bin.0134
contig_13834	bin.0134
contig_13861	bin.0134
contig_13884	bin.0134
contig_13896	bin.0134
contig_13970	bin.0134
contig_14028	bin.0134
contig_14212	bin.0134
contig_14244	bin.0134
contig_3612	bin.0134
contig_4349	bin.0134
contig_4751	bin.0134
contig_5234	bin.0134
contig_5249	bin.0134
contig_5909	bin.0134
contig_5998	bin.0134
contig_5999	bin.0134
contig_6040	bin.0134
contig_7376	bin.0134
contig_7718	bin.0134
contig_8205	bin.0134
contig_8239	bin.0134
contig_8264	bin.0134
contig_8478	bin.0134
contig_8922	bin.0134
contig_8924	bin.0134
contig_9339	bin.0134
contig_9578	bin.0134
contig_9885	bin.0134
contig_10048	bin.0135
contig_10314	bin.0135
contig_10366	bin.0135
contig_10398	bin.0135
contig_10901	bin.0135
contig_11102	bin.0135
contig_11112	bin.0135
contig_11545	bin.0135
contig_11800	bin.0135
contig_12728	bin.0135
contig_13772	bin.0135
contig_6605	bin.0135
contig_6606	bin.0135
contig_7294	bin.0135
contig_9219	bin.0135
contig_9726	bin.0135
contig_12338	bin.0136
contig_129	bin.0136
contig_134	bin.0136
contig_3855	bin.0136
contig_3976	bin.0136
contig_10173	bin.0137
contig_1074	bin.0137
contig_1076	bin.0137
contig_10772	bin.0137
contig_10871	bin.0137
contig_1184	bin.0137
contig_13044	bin.0137
contig_13306	bin.0137
contig_13563	bin.0137
contig_1953	bin.0137
contig_2036	bin.0137
contig_2042	bin.0137
contig_2134	bin.0137
contig_2548	bin.0137
contig_3769	bin.0137
contig_3936	bin.0137
contig_5132	bin.0137
contig_5256	bin.0137
contig_6075	bin.0137
contig_727	bin.0137
contig_9526	bin.0137
contig_97	bin.0137
contig_11197	bin.0138
contig_11198	bin.0138
contig_12591	bin.0138
contig_12919	bin.0138
contig_2128	bin.0138
contig_2250	bin.0138
contig_2432	bin.0138
contig_3390	bin.0138
contig_3616	bin.0138
contig_3679	bin.0138
contig_435	bin.0138
contig_436	bin.0138
contig_4859	bin.0138
contig_4966	bin.0138
contig_726	bin.0138
contig_941	bin.0138
contig_10148	bin.0139
contig_10702	bin.0139
contig_10799	bin.0139
contig_10884	bin.0139
contig_11513	bin.0139
contig_11750	bin.0139
contig_12418	bin.0139
contig_12697	bin.0139
contig_12811	bin.0139
contig_13272	bin.0139
contig_7468	bin.0139
contig_7709	bin.0139
contig_9402	bin.0139
contig_10675	bin.0140
contig_12710	bin.0140
contig_12734	bin.0140
contig_12784	bin.0140
contig_14066	bin.0140
contig_14147	bin.0140
contig_2230	bin.0140
contig_2231	bin.0140
contig_3511	bin.0140
contig_3512	bin.0140
contig_4124	bin.0140
contig_9861	bin.0140
contig_10157	bin.0141
contig_10526	bin.0141
contig_10527	bin.0141
contig_10685	bin.0141
contig_11443	bin.0141
contig_12077	bin.0141
contig_12757	bin.0141
contig_12830	bin.0141
contig_12991	bin.0141
contig_13006	bin.0141
contig_13043	bin.0141
contig_7780	bin.0141
contig_8452	bin.0141
contig_9608	bin.0141
contig_12448	bin.0142
contig_13421	bin.0142
contig_1816	bin.0142
contig_8048	bin.0142
contig_10119	bin.0143
contig_10678	bin.0143
contig_10841	bin.0143
contig_11149	bin.0143
contig_11222	bin.0143
contig_11373	bin.0143
contig_11547	bin.0143
contig_11828	bin.0143
contig_11967	bin.0143
contig_11981	bin.0143
contig_12063	bin.0143
contig_12099	bin.0143
contig_12104	bin.0143
contig_4617	bin.0143
contig_4725	bin.0143
contig_6710	bin.0143
contig_8225	bin.0143
contig_8566	bin.0143
contig_8699	bin.0143
contig_1171	bin.0144
contig_12327	bin.0144
contig_14004	bin.0144
contig_1528	bin.0144
contig_2513	bin.0144
contig_2779	bin.0144
contig_4071	bin.0144
contig_561	bin.0144
contig_9675	bin.0144
contig_11746	bin.0145
contig_11767	bin.0145
contig_12767	bin.0145
contig_13953	bin.0145
contig_3553	bin.0145
contig_3848	bin.0145
contig_6351	bin.0145
contig_6626	bin.0145
contig_7967	bin.0145
contig_9655	bin.0145
contig_1021	bin.0146
contig_1094	bin.0146
contig_11888	bin.0146
contig_12692	bin.0146
contig_12921	bin.0146
contig_13217	bin.0146
contig_1704	bin.0146
contig_2382	bin.0146
contig_2403	bin.0146
contig_3132	bin.0146
contig_3696	bin.0146
contig_3830	bin.0146
contig_4049	bin.0146
contig_4098	bin.0146
contig_4105	bin.0146
contig_4167	bin.0146
contig_4394	bin.0146
contig_4650	bin.0146
contig_5850	bin.0146
contig_6669	bin.0146
contig_6836	bin.0146
contig_7055	bin.0146
contig_7299	bin.0146
contig_7579	bin.0146
contig_9282	bin.0146
contig_10546	bin.0147
contig_10764	bin.0147
contig_13273	bin.0147
contig_13719	bin.0147
contig_14213	bin.0147
contig_5866	bin.0147
contig_12370	bin.0148
contig_13119	bin.0148
contig_13833	bin.0148
contig_13845	bin.0148
contig_2265	bin.0148
contig_2266	bin.0148
contig_3861	bin.0148
contig_6438	bin.0148
contig_745	bin.0148
contig_746	bin.0148
contig_7462	bin.0148
contig_8614	bin.0148
contig_8667	bin.0148
contig_9089	bin.0148
contig_9233	bin.0148
contig_10154	bin.0149
contig_10169	bin.0149
contig_10215	bin.0149
contig_10216	bin.0149
contig_10217	bin.0149
contig_10318	bin.0149
contig_10340	bin.0149
contig_10360	bin.0149
contig_10456	bin.0149
contig_10613	bin.0149
contig_10686	bin.0149
contig_10802	bin.0149
contig_10985	bin.0149
contig_11103	bin.0149
contig_11170	bin.0149
contig_11189	bin.0149
contig_11220	bin.0149
contig_11646	bin.0149
contig_11648	bin.0149
contig_11653	bin.0149
contig_11693	bin.0149
contig_11698	bin.0149
contig_11775	bin.0149
contig_11843	bin.0149
contig_11877	bin.0149
contig_11989	bin.0149
contig_12953	bin.0149
contig_14118	bin.0149
contig_2989	bin.0149
contig_4886	bin.0149
contig_5475	bin.0149
contig_5485	bin.0149
contig_5520	bin.0149
contig_5684	bin.0149
contig_6023	bin.0149
contig_6700	bin.0149
contig_7245	bin.0149
contig_8202	bin.0149
contig_8284	bin.0149
contig_8463	bin.0149
contig_8915	bin.0149
contig_9985	bin.0149
contig_11872	bin.0150
contig_3666	bin.0150
contig_5408	bin.0150
contig_10278	bin.0151
contig_10943	bin.0151
contig_10957	bin.0151
contig_11004	bin.0151
contig_11521	bin.0151
contig_11904	bin.0151
contig_11995	bin.0151
contig_12380	bin.0151
contig_12926	bin.0151
contig_13029	bin.0151
contig_3035	bin.0151
contig_3043	bin.0151
contig_3058	bin.0151
contig_3085	bin.0151
contig_4570	bin.0151
contig_4899	bin.0151
contig_6030	bin.0151
contig_7484	bin.0151
contig_7849	bin.0151
contig_8731	bin.0151
contig_879	bin.0151
contig_8931	bin.0151
contig_8980	bin.0151
contig_9014	bin.0151
contig_10162	bin.0152
contig_11294	bin.0152
contig_11630	bin.0152
contig_11681	bin.0152
contig_11686	bin.0152
contig_11721	bin.0152
contig_11795	bin.0152
contig_11977	bin.0152
contig_12039	bin.0152
contig_12203	bin.0152
contig_12412	bin.0152
contig_12475	bin.0152
contig_12601	bin.0152
contig_12726	bin.0152
contig_12730	bin.0152
contig_13016	bin.0152
contig_13232	bin.0152
contig_13482	bin.0152
contig_13483	bin.0152
contig_13587	bin.0152
contig_13649	bin.0152
contig_13741	bin.0152
contig_1632	bin.0152
contig_1931	bin.0152
contig_2031	bin.0152
contig_2273	bin.0152
contig_2381	bin.0152
contig_2437	bin.0152
contig_2618	bin.0152
contig_2971	bin.0152
contig_2988	bin.0152
contig_3009	bin.0152
contig_3236	bin.0152
contig_3237	bin.0152
contig_3342	bin.0152
contig_3680	bin.0152
contig_3913	bin.0152
contig_3962	bin.0152
contig_4126	bin.0152
contig_454	bin.0152
contig_460	bin.0152
contig_4600	bin.0152
contig_461	bin.0152
contig_462	bin.0152
contig_4700	bin.0152
contig_471	bin.0152
contig_472	bin.0152
contig_477	bin.0152
contig_4822	bin.0152
contig_4878	bin.0152
contig_497	bin.0152
contig_4973	bin.0152
contig_4974	bin.0152
contig_502	bin.0152
contig_5033	bin.0152
contig_5061	bin.0152
contig_5126	bin.0152
contig_5128	bin.0152
contig_5237	bin.0152
contig_5418	bin.0152
contig_5751	bin.0152
contig_5801	bin.0152
contig_5820	bin.0152
contig_5903	bin.0152
contig_5980	bin.0152
contig_5985	bin.0152
contig_615	bin.0152
contig_621	bin.0152
contig_6386	bin.0152
contig_6508	bin.0152
contig_6569	bin.0152
contig_6570	bin.0152
contig_6574	bin.0152
contig_6578	bin.0152
contig_6637	bin.0152
contig_7115	bin.0152
contig_7180	bin.0152
contig_7185	bin.0152
contig_7186	bin.0152
contig_7616	bin.0152
contig_766	bin.0152
contig_7741	bin.0152
contig_7819	bin.0152
contig_7960	bin.0152
contig_8144	bin.0152
contig_8407	bin.0152
contig_8428	bin.0152
contig_8653	bin.0152
contig_8704	bin.0152
contig_8837	bin.0152
contig_8939	bin.0152
contig_9001	bin.0152
contig_9036	bin.0152
contig_9084	bin.0152
contig_9145	bin.0152
contig_9146	bin.0152
contig_918	bin.0152
contig_9342	bin.0152
contig_9358	bin.0152
contig_949	bin.0152
contig_9522	bin.0152
contig_9644	bin.0152
contig_9645	bin.0152
contig_9701	bin.0152
contig_9873	bin.0152
contig_10371	bin.0153
contig_11260	bin.0153
contig_11492	bin.0153
contig_13570	bin.0153
contig_13571	bin.0153
contig_13573	bin.0153
contig_2483	bin.0153
contig_5478	bin.0153
contig_5480	bin.0153
contig_5913	bin.0153
contig_7234	bin.0153
contig_7237	bin.0153
contig_7239	bin.0153
contig_7240	bin.0153
contig_7241	bin.0153
contig_7619	bin.0153
contig_8594	bin.0153
contig_4882	bin.0154
contig_4884	bin.0154
contig_10042	bin.0155
contig_10550	bin.0155
contig_10679	bin.0155
contig_10681	bin.0155
contig_10682	bin.0155
contig_10736	bin.0155
contig_10870	bin.0155
contig_11062	bin.0155
contig_13241	bin.0155
contig_13242	bin.0155
contig_13436	bin.0155
contig_13494	bin.0155
contig_13954	bin.0155
contig_2447	bin.0155
contig_4106	bin.0155
contig_5612	bin.0155
contig_5838	bin.0155
contig_5839	bin.0155
contig_6920	bin.0155
contig_6921	bin.0155
contig_8584	bin.0155
contig_8993	bin.0155
contig_9239	bin.0155
contig_9332	bin.0155
contig_9802	bin.0155
contig_9811	bin.0155
contig_9814	bin.0155
contig_9815	bin.0155
contig_9816	bin.0155
contig_9817	bin.0155
contig_9818	bin.0155
contig_9819	bin.0155
contig_9820	bin.0155
contig_10074	bin.0156
contig_101	bin.0156
contig_12409	bin.0156
contig_1321	bin.0156
contig_13627	bin.0156
contig_14205	bin.0156
contig_2046	bin.0156
contig_2138	bin.0156
contig_2473	bin.0156
contig_2474	bin.0156
contig_3003	bin.0156
contig_3941	bin.0156
contig_4474	bin.0156
contig_5091	bin.0156
contig_5133	bin.0156
contig_6114	bin.0156
contig_6427	bin.0156
contig_7097	bin.0156
contig_7220	bin.0156
contig_730	bin.0156
contig_7757	bin.0156
contig_7791	bin.0156
contig_10384	bin.0157
contig_10515	bin.0157
contig_10591	bin.0157
contig_12907	bin.0157
contig_13622	bin.0157
contig_14025	bin.0157
contig_1582	bin.0157
contig_4874	bin.0157
contig_5124	bin.0157
contig_8217	bin.0157
contig_10219	bin.0158
contig_10294	bin.0158
contig_10821	bin.0158
contig_10982	bin.0158
contig_11014	bin.0158
contig_11091	bin.0158
contig_11347	bin.0158
contig_11556	bin.0158
contig_11779	bin.0158
contig_11811	bin.0158
contig_12074	bin.0158
contig_13055	bin.0158
contig_13338	bin.0158
contig_13342	bin.0158
contig_14003	bin.0158
contig_14202	bin.0158
contig_14257	bin.0158
contig_1630	bin.0158
contig_2700	bin.0158
contig_5238	bin.0158
contig_6042	bin.0158
contig_6206	bin.0158
contig_8295	bin.0158
contig_8299	bin.0158
contig_10197	bin.0159
contig_10440	bin.0159
contig_10492	bin.0159
contig_11018	bin.0159
contig_11025	bin.0159
contig_11039	bin.0159
contig_11098	bin.0159
contig_11526	bin.0159
contig_11714	bin.0159
contig_11803	bin.0159
contig_11897	bin.0159
contig_11909	bin.0159
contig_11922	bin.0159
contig_11964	bin.0159
contig_12120	bin.0159
contig_12406	bin.0159
contig_13240	bin.0159
contig_13838	bin.0159
contig_14158	bin.0159
contig_14198	bin.0159
contig_4093	bin.0159
contig_4739	bin.0159
contig_4985	bin.0159
contig_5500	bin.0159
contig_5726	bin.0159
contig_5729	bin.0159
contig_6451	bin.0159
contig_6675	bin.0159
contig_7597	bin.0159
contig_7598	bin.0159
contig_7712	bin.0159
contig_7929	bin.0159
contig_8008	bin.0159
contig_8285	bin.0159
contig_8317	bin.0159
contig_8563	bin.0159
contig_9436	bin.0159
contig_9640	bin.0159
contig_9689	bin.0159
contig_10027	bin.0160
contig_10028	bin.0160
contig_10046	bin.0160
contig_10060	bin.0160
contig_10263	bin.0160
contig_10280	bin.0160
contig_10319	bin.0160
contig_10396	bin.0160
contig_10397	bin.0160
contig_10510	bin.0160
contig_10511	bin.0160
contig_10512	bin.0160
contig_10615	bin.0160
contig_10626	bin.0160
contig_10690	bin.0160
contig_10790	bin.0160
contig_10861	bin.0160
contig_10878	bin.0160
contig_10897	bin.0160
contig_10917	bin.0160
contig_11058	bin.0160
contig_11257	bin.0160
contig_11305	bin.0160
contig_11345	bin.0160
contig_11379	bin.0160
contig_11431	bin.0160
contig_11433	bin.0160
contig_11469	bin.0160
contig_11551	bin.0160
contig_11793	bin.0160
contig_11798	bin.0160
contig_11869	bin.0160
contig_12101	bin.0160
contig_12114	bin.0160
contig_12145	bin.0160
contig_12146	bin.0160
contig_12298	bin.0160
contig_12990	bin.0160
contig_13304	bin.0160
contig_14082	bin.0160
contig_14083	bin.0160
contig_14087	bin.0160
contig_14101	bin.0160
contig_14123	bin.0160
contig_144	bin.0160
contig_2502	bin.0160
contig_3825	bin.0160
contig_4718	bin.0160
contig_5207	bin.0160
contig_5208	bin.0160
contig_5335	bin.0160
contig_6611	bin.0160
contig_6656	bin.0160
contig_6662	bin.0160
contig_6852	bin.0160
contig_6853	bin.0160
contig_6854	bin.0160
contig_6898	bin.0160
contig_7315	bin.0160
contig_7486	bin.0160
contig_7734	bin.0160
contig_8241	bin.0160
contig_8631	bin.0160
contig_8697	bin.0160
contig_9162	bin.0160
contig_9905	bin.0160
contig_9906	bin.0160
contig_9907	bin.0160
contig_13797	bin.0161
contig_1080	bin.0162
contig_11300	bin.0162
contig_12313	bin.0162
contig_12314	bin.0162
contig_12651	bin.0162
contig_13457	bin.0162
contig_1878	bin.0162
contig_6007	bin.0162
contig_6008	bin.0162
contig_6768	bin.0162
contig_6769	bin.0162
contig_6863	bin.0162
contig_7075	bin.0162
contig_7077	bin.0162
contig_7887	bin.0162
contig_7974	bin.0162
contig_8642	bin.0162
contig_9035	bin.0162
contig_9538	bin.0162
contig_9539	bin.0162
contig_9541	bin.0162
contig_9691	bin.0162
contig_9710	bin.0162
contig_1145	bin.0163
contig_2402	bin.0163
contig_4225	bin.0163
contig_10137	bin.0164
contig_10202	bin.0164
contig_10348	bin.0164
contig_10518	bin.0164
contig_10534	bin.0164
contig_10627	bin.0164
contig_10912	bin.0164
contig_11024	bin.0164
contig_11113	bin.0164
contig_11154	bin.0164
contig_11217	bin.0164
contig_11285	bin.0164
contig_11755	bin.0164
contig_11791	bin.0164
contig_11970	bin.0164
contig_12060	bin.0164
contig_12070	bin.0164
contig_13501	bin.0164
contig_13503	bin.0164
contig_13941	bin.0164
contig_14095	bin.0164
contig_5855	bin.0164
contig_8336	bin.0164
contig_8838	bin.0164
contig_1014	bin.0165
contig_11374	bin.0165
contig_12538	bin.0165
contig_12908	bin.0165
contig_12910	bin.0165
contig_14021	bin.0165
contig_1680	bin.0165
contig_1699	bin.0165
contig_1700	bin.0165
contig_1721	bin.0165
contig_2209	bin.0165
contig_3244	bin.0165
contig_4354	bin.0165
contig_4752	bin.0165
contig_5183	bin.0165
contig_5187	bin.0165
contig_5697	bin.0165
contig_6163	bin.0165
contig_6990	bin.0165
contig_12281	bin.0166
contig_302	bin.0166
contig_3568	bin.0166
contig_4527	bin.0166
contig_4875	bin.0166
contig_512	bin.0166
contig_910	bin.0166
contig_10214	bin.0167
contig_10938	bin.0167
contig_10940	bin.0167
contig_11032	bin.0167
contig_11085	bin.0167
contig_11386	bin.0167
contig_11857	bin.0167
contig_11966	bin.0167
contig_13585	bin.0167
contig_13617	bin.0167
contig_13721	bin.0167
contig_13756	bin.0167
contig_3302	bin.0167
contig_3334	bin.0167
contig_5860	bin.0167
contig_9349	bin.0167
contig_9350	bin.0167
contig_9351	bin.0167
contig_6360	bin.0168
contig_6362	bin.0168
contig_10022	bin.0169
contig_10426	bin.0169
contig_10544	bin.0169
contig_10796	bin.0169
contig_10820	bin.0169
contig_11404	bin.0169
contig_11467	bin.0169
contig_11480	bin.0169
contig_11504	bin.0169
contig_11510	bin.0169
contig_11524	bin.0169
contig_11863	bin.0169
contig_12013	bin.0169
contig_12014	bin.0169
contig_12034	bin.0169
contig_12067	bin.0169
contig_12091	bin.0169
contig_14114	bin.0169
contig_1804	bin.0169
contig_2033	bin.0169
contig_4680	bin.0169
contig_4975	bin.0169
contig_7452	bin.0169
contig_8302	bin.0169
contig_8308	bin.0169
contig_8408	bin.0169
contig_8422	bin.0169
contig_9156	bin.0169
contig_9380	bin.0169
contig_9582	bin.0169
contig_9658	bin.0169
contig_10267	bin.0170
contig_10368	bin.0170
contig_10369	bin.0170
contig_10438	bin.0170
contig_11008	bin.0170
contig_12504	bin.0170
contig_12927	bin.0170
contig_13782	bin.0170
contig_13783	bin.0170
contig_13784	bin.0170
contig_13822	bin.0170
contig_13840	bin.0170
contig_7803	bin.0170
contig_9254	bin.0170
contig_11999	bin.0171
contig_13122	bin.0171
contig_14169	bin.0171
contig_2229	bin.0171
contig_3154	bin.0171
contig_4750	bin.0171
contig_5289	bin.0171
contig_7348	bin.0171
contig_7778	bin.0171
contig_835	bin.0171
contig_8974	bin.0171
contig_9592	bin.0171
contig_9680	bin.0171
contig_10323	bin.0172
contig_10430	bin.0172
contig_10431	bin.0172
contig_10489	bin.0172
contig_11151	bin.0172
contig_11834	bin.0172
contig_12047	bin.0172
contig_12128	bin.0172
contig_12438	bin.0172
contig_13403	bin.0172
contig_13597	bin.0172
contig_13758	bin.0172
contig_2006	bin.0172
contig_4722	bin.0172
contig_6433	bin.0172
contig_66	bin.0172
contig_68	bin.0172
contig_7181	bin.0172
contig_7182	bin.0172
contig_7659	bin.0172
contig_7777	bin.0172
contig_78	bin.0172
contig_8181	bin.0172
contig_9399	bin.0172
contig_9797	bin.0172
contig_10616	bin.0173
contig_10673	bin.0173
contig_11075	bin.0173
contig_11470	bin.0173
contig_11514	bin.0173
contig_11563	bin.0173
contig_11853	bin.0173
contig_11903	bin.0173
contig_12264	bin.0173
contig_13624	bin.0173
contig_13935	bin.0173
contig_14022	bin.0173
contig_3614	bin.0173
contig_5336	bin.0173
contig_5625	bin.0173
contig_7042	bin.0173
contig_7044	bin.0173
contig_708	bin.0173
contig_8	bin.0173
contig_8365	bin.0173
contig_8965	bin.0173
contig_965	bin.0173
contig_9714	bin.0173
contig_11920	bin.0174
contig_10989	bin.0175
contig_11013	bin.0175
contig_11106	bin.0175
contig_11214	bin.0175
contig_11544	bin.0175
contig_11624	bin.0175
contig_11654	bin.0175
contig_12233	bin.0175
contig_12541	bin.0175
contig_12951	bin.0175
contig_13024	bin.0175
contig_13129	bin.0175
contig_13562	bin.0175
contig_13694	bin.0175
contig_13801	bin.0175
contig_13823	bin.0175
contig_13836	bin.0175
contig_13881	bin.0175
contig_14076	bin.0175
contig_14141	bin.0175
contig_1873	bin.0175
contig_2642	bin.0175
contig_2707	bin.0175
contig_7001	bin.0175
contig_7735	bin.0175
contig_8036	bin.0175
contig_8561	bin.0175
contig_8800	bin.0175
contig_8844	bin.0175
contig_9377	bin.0175
contig_10598	bin.0176
contig_10601	bin.0176
contig_10603	bin.0176
contig_10606	bin.0176
contig_10607	bin.0176
contig_3876	bin.0176
contig_4374	bin.0176
contig_4798	bin.0176
contig_11234	bin.0177
contig_11446	bin.0177
contig_11734	bin.0177
contig_11974	bin.0177
contig_12032	bin.0177
contig_12056	bin.0177
contig_12785	bin.0177
contig_4413	bin.0177
contig_5340	bin.0177
contig_6273	bin.0177
contig_7451	bin.0177
contig_8142	bin.0177
contig_9169	bin.0177
contig_9494	bin.0177
contig_12578	bin.0178
contig_1693	bin.0178
contig_2705	bin.0178
contig_9776	bin.0178
contig_9792	bin.0178
contig_12197	bin.0179
contig_1220	bin.0179
contig_13876	bin.0179
contig_14071	bin.0179
contig_14157	bin.0179
contig_2887	bin.0179
contig_3637	bin.0179
contig_595	bin.0179
contig_7950	bin.0179
contig_13444	bin.0180
contig_13500	bin.0180
contig_14176	bin.0180
contig_6046	bin.0180
contig_6728	bin.0180
contig_9832	bin.0180
contig_12447	bin.0181
contig_1261	bin.0181
contig_1263	bin.0181
contig_1646	bin.0181
contig_1869	bin.0181
contig_2235	bin.0181
contig_341	bin.0181
contig_353	bin.0181
contig_3542	bin.0181
contig_372	bin.0181
contig_373	bin.0181
contig_3747	bin.0181
contig_3795	bin.0181
contig_3798	bin.0181
contig_3912	bin.0181
contig_3918	bin.0181
contig_4016	bin.0181
contig_409	bin.0181
contig_4205	bin.0181
contig_5607	bin.0181
contig_566	bin.0181
contig_85	bin.0181
contig_88	bin.0181
contig_93	bin.0181
contig_985	bin.0181
contig_11225	bin.0182
contig_3938	bin.0182
contig_5730	bin.0182
contig_6099	bin.0182
contig_6780	bin.0182
contig_7475	bin.0182
contig_7847	bin.0182
contig_9414	bin.0182
contig_12610	bin.0183
contig_13769	bin.0183
contig_13770	bin.0183
contig_6208	bin.0183
contig_7539	bin.0183
contig_7821	bin.0183
contig_8280	bin.0183
contig_8603	bin.0183
contig_9748	bin.0183
contig_10655	bin.0184
contig_11074	bin.0184
contig_11591	bin.0184
contig_11749	bin.0184
contig_11837	bin.0184
contig_11934	bin.0184
contig_12002	bin.0184
contig_4131	bin.0184
contig_4534	bin.0184
contig_5281	bin.0184
contig_5633	bin.0184
contig_6176	bin.0184
contig_6635	bin.0184
contig_6994	bin.0184
contig_8062	bin.0184
contig_8076	bin.0184
contig_8435	bin.0184
contig_880	bin.0184
contig_9181	bin.0184
contig_9736	bin.0184
contig_9741	bin.0184
contig_9810	bin.0184
